synapse_row,pre_root_id,post_root_id,x,y,z,target_root_id,target_endpoint_role,cell_level_expected_structure,published_algorithm_node_id,published_algorithm_node_row,published_algorithm_score,candidate_node_count,full_nearest_segment_start_node_id,full_nearest_segment_end_node_id,full_centerline_distance_nm,candidate_nearest_segment_start_node_id,candidate_nearest_segment_end_node_id,candidate_centerline_distance_nm,candidate_minus_full_distance_nm,full_nearest_segment_inside_candidate,candidate_same_as_full_nearest_segment,candidate_segment_fraction,candidate_nearest_x,candidate_nearest_y,candidate_nearest_z,candidate_path_distance_nm,candidate_start_swc_label,candidate_end_swc_label,structural_region,semantic_status
1,720575940605560678,720575940632008007,790590,265784,210220,720575940632008007,post,dendrite,292,292,1.132085908818,596,341,358,111.951855639,341,358,111.951855639,0.000000000,true,true,0.838187392246,790642.399450,265712.095646,210152.049434,69594.107959,5,0,fork,COMPUTATIONAL_SUBTREE_CANDIDATE_NOT_BIOLOGICAL_COMPARTMENT
2,720575940605560678,720575940632008007,791078,260748,210260,720575940632008007,post,dendrite,292,292,1.132085908818,596,334,374,369.350670907,334,374,369.350670907,0.000000000,true,true,0.461037060151,790825.445105,260612.220252,210492.808511,69454.778728,0,5,fork,COMPUTATIONAL_SUBTREE_CANDIDATE_NOT_BIOLOGICAL_COMPARTMENT
3,720575940605560678,720575940632008007,792292,260404,210280,720575940632008007,post,dendrite,292,292,1.132085908818,596,485,524,180.997106266,485,524,180.997106266,0.000000000,true,true,0.121158116038,792289.035472,260271.688511,210156.530028,71444.034787,0,0,unlabeled_neurite,COMPUTATIONAL_SUBTREE_CANDIDATE_NOT_BIOLOGICAL_COMPARTMENT
4,720575940605560678,720575940632008007,793796,266924,215020,720575940632008007,post,dendrite,292,292,1.132085908818,596,637,670,87.548093576,637,670,87.548093576,0.000000000,true,true,0.629653700808,793811.692558,266981.999226,215083.674972,78840.410337,0,6,terminal,COMPUTATIONAL_SUBTREE_CANDIDATE_NOT_BIOLOGICAL_COMPARTMENT
5,720575940605560678,720575940632008007,793976,266938,215000,720575940632008007,post,dendrite,292,292,1.132085908818,596,637,670,62.678912198,637,670,62.678912198,0.000000000,true,true,0.909178877604,793983.332198,266990.211675,215033.894334,79019.311769,0,6,terminal,COMPUTATIONAL_SUBTREE_CANDIDATE_NOT_BIOLOGICAL_COMPARTMENT
6,720575940605560678,720575940632008007,794284,266942,214600,720575940632008007,post,dendrite,292,292,1.132085908818,596,805,783,51.496653990,805,783,51.496653990,0.000000000,true,true,0.926817533782,794297.361433,266971.594846,214639.969020,77918.512884,0,6,terminal,COMPUTATIONAL_SUBTREE_CANDIDATE_NOT_BIOLOGICAL_COMPARTMENT
7,720575940605560678,720575940632008007,795212,268472,215500,720575940632008007,post,dendrite,292,292,1.132085908818,596,828,819,277.883461418,828,819,277.883461418,0.000000000,true,true,0.372336463562,794971.019815,268545.476363,215382.743903,78841.849715,5,0,fork,COMPUTATIONAL_SUBTREE_CANDIDATE_NOT_BIOLOGICAL_COMPARTMENT
8,720575940607385283,720575940632008007,790166,262192,211880,720575940632008007,post,dendrite,292,292,1.132085908818,596,434,394,258.531289402,434,394,258.531289402,0.000000000,true,true,1.000000000000,790330.560000,262379.340000,211811.720000,71637.875947,0,6,terminal,COMPUTATIONAL_SUBTREE_CANDIDATE_NOT_BIOLOGICAL_COMPARTMENT
9,720575940607385283,720575940632008007,790268,265060,209800,720575940632008007,post,dendrite,292,292,1.132085908818,596,357,361,138.923264922,357,361,138.923264922,0.000000000,true,true,0.649477890698,790188.191788,264989.618626,209889.312849,69688.295526,0,0,unlabeled_neurite,COMPUTATIONAL_SUBTREE_CANDIDATE_NOT_BIOLOGICAL_COMPARTMENT
10,720575940607385283,720575940632008007,790672,262816,212300,720575940632008007,post,dendrite,292,292,1.132085908818,596,382,388,62.348614894,382,388,62.348614894,0.000000000,true,true,0.840073899659,790685.373497,262758.330638,212280.436156,70379.957817,0,6,terminal,COMPUTATIONAL_SUBTREE_CANDIDATE_NOT_BIOLOGICAL_COMPARTMENT
11,720575940607385283,720575940632008007,790696,265714,210140,720575940632008007,post,dendrite,292,292,1.132085908818,596,341,358,43.776185488,341,358,43.776185488,0.000000000,true,true,0.891347376850,790659.003440,265737.328032,210138.152882,69627.356717,5,0,fork,COMPUTATIONAL_SUBTREE_CANDIDATE_NOT_BIOLOGICAL_COMPARTMENT
12,720575940607385283,720575940632008007,791076,262866,210460,720575940632008007,post,dendrite,292,292,1.132085908818,596,527,443,26.757913501,527,443,26.757913501,0.000000000,true,true,0.313807710161,791061.185352,262861.796337,210438.117556,71825.249175,0,0,unlabeled_neurite,COMPUTATIONAL_SUBTREE_CANDIDATE_NOT_BIOLOGICAL_COMPARTMENT
13,720575940607385283,720575940632008007,791090,263116,210360,720575940632008007,post,dendrite,292,292,1.132085908818,596,527,443,51.789601066,527,443,51.789601066,0.000000000,true,true,0.763249832001,791051.854933,263120.450278,210394.746391,72087.680072,0,0,unlabeled_neurite,COMPUTATIONAL_SUBTREE_CANDIDATE_NOT_BIOLOGICAL_COMPARTMENT
14,720575940607385283,720575940632008007,791204,262390,211040,720575940632008007,post,dendrite,292,292,1.132085908818,596,445,442,44.333555907,445,442,44.333555907,0.000000000,true,true,0.899086084340,791180.001485,262411.206173,211070.656707,70516.977968,5,6,fork,COMPUTATIONAL_SUBTREE_CANDIDATE_NOT_BIOLOGICAL_COMPARTMENT
15,720575940607385283,720575940632008007,791512,262130,210080,720575940632008007,post,dendrite,292,292,1.132085908818,596,501,519,187.065449776,501,519,187.065449776,0.000000000,true,true,1.000000000000,791506.700000,262252.300000,210221.450000,70980.456553,5,0,fork,COMPUTATIONAL_SUBTREE_CANDIDATE_NOT_BIOLOGICAL_COMPARTMENT
16,720575940607385283,720575940632008007,791884,262360,210480,720575940632008007,post,dendrite,292,292,1.132085908818,596,501,519,205.381425964,501,519,205.381425964,0.000000000,true,true,0.257944168066,791886.780997,262175.601109,210389.607272,70557.820596,5,0,fork,COMPUTATIONAL_SUBTREE_CANDIDATE_NOT_BIOLOGICAL_COMPARTMENT
17,720575940607385283,720575940632008007,793648,264284,210540,720575940632008007,post,dendrite,292,292,1.132085908818,596,656,712,139.232954392,656,712,139.232954392,0.000000000,true,true,0.003900784568,793596.484779,264238.507882,210418.911335,73059.962815,5,0,fork,COMPUTATIONAL_SUBTREE_CANDIDATE_NOT_BIOLOGICAL_COMPARTMENT
18,720575940607385283,720575940632008007,793774,262216,210440,720575940632008007,post,dendrite,292,292,1.132085908818,596,665,718,94.527647875,665,718,94.527647875,0.000000000,true,true,0.212820309207,793784.650930,262136.416462,210390.115188,72455.272820,0,0,unlabeled_neurite,COMPUTATIONAL_SUBTREE_CANDIDATE_NOT_BIOLOGICAL_COMPARTMENT
19,720575940607385283,720575940632008007,794540,262662,210100,720575940632008007,post,dendrite,292,292,1.132085908818,596,718,753,94.620466412,718,753,94.620466412,0.000000000,true,true,0.877546819947,794527.300247,262634.304470,210010.419274,73436.044214,0,0,unlabeled_neurite,COMPUTATIONAL_SUBTREE_CANDIDATE_NOT_BIOLOGICAL_COMPARTMENT
20,720575940608305756,720575940617782941,709094,219180,211780,720575940617782941,post,dendrite,323,323,1.292496110721,362,48,43,247.134572294,48,43,247.134572294,0.000000000,true,true,0.334370853901,708907.289536,219340.959144,211762.482774,66834.442101,0,0,unlabeled_neurite,COMPUTATIONAL_SUBTREE_CANDIDATE_NOT_BIOLOGICAL_COMPARTMENT
21,720575940608305756,720575940617782941,709740,219408,210220,720575940617782941,post,dendrite,323,323,1.292496110721,362,93,86,280.350852383,93,86,280.350852383,0.000000000,true,true,0.807912865911,710002.057361,219420.914670,210318.771206,64669.627027,0,5,fork,COMPUTATIONAL_SUBTREE_CANDIDATE_NOT_BIOLOGICAL_COMPARTMENT
22,720575940608305756,720575940617782941,709754,217852,211120,720575940617782941,post,dendrite,323,323,1.292496110721,362,97,95,108.356878976,97,95,108.356878976,0.000000000,true,true,0.634634927110,709834.451255,217897.606891,211176.469640,63711.056073,5,6,fork,COMPUTATIONAL_SUBTREE_CANDIDATE_NOT_BIOLOGICAL_COMPARTMENT
23,720575940608305756,720575940617782941,709812,217610,211180,720575940617782941,post,dendrite,323,323,1.292496110721,362,97,95,256.768016019,97,95,256.768016019,0.000000000,true,true,0.774352568143,709788.428264,217842.384891,211286.637000,63842.602385,5,6,fork,COMPUTATIONAL_SUBTREE_CANDIDATE_NOT_BIOLOGICAL_COMPARTMENT
24,720575940608305756,720575940617782941,710574,219236,211460,720575940617782941,post,dendrite,323,323,1.292496110721,362,126,119,392.283294343,126,119,392.283294343,0.000000000,true,true,0.320578951129,710917.947994,219292.801089,211639.887733,62040.412664,0,0,unlabeled_neurite,COMPUTATIONAL_SUBTREE_CANDIDATE_NOT_BIOLOGICAL_COMPARTMENT
25,720575940608305756,720575940617782941,710696,219622,210220,720575940617782941,post,dendrite,323,323,1.292496110721,362,78,106,87.641451512,78,106,87.641451512,0.000000000,true,true,0.021187476361,710694.902115,219696.278112,210266.503556,65477.547748,0,0,unlabeled_neurite,COMPUTATIONAL_SUBTREE_CANDIDATE_NOT_BIOLOGICAL_COMPARTMENT
26,720575940608305756,720575940617782941,710740,218320,210320,720575940617782941,post,dendrite,323,323,1.292496110721,362,125,120,417.916777361,125,120,417.916777361,0.000000000,true,true,1.000000000000,710596.400000,218272.780000,210709.620000,62273.922697,0,6,terminal,COMPUTATIONAL_SUBTREE_CANDIDATE_NOT_BIOLOGICAL_COMPARTMENT
27,720575940608305756,720575940617782941,712842,219172,210420,720575940617782941,post,dendrite,323,323,1.292496110721,362,250,271,161.205456483,250,271,161.205456483,0.000000000,true,true,1.000000000000,712949.700000,219291.560000,210429.660000,62471.217972,5,0,fork,COMPUTATIONAL_SUBTREE_CANDIDATE_NOT_BIOLOGICAL_COMPARTMENT
28,720575940608305756,720575940625571465,708940,218908,212040,720575940625571465,post,dendrite,343,343,1.168327590832,492,49,43,63.175696654,49,43,63.175696654,0.000000000,true,true,0.878022726963,708932.727819,218879.885945,212096.106006,83165.039980,5,6,fork,COMPUTATIONAL_SUBTREE_CANDIDATE_NOT_BIOLOGICAL_COMPARTMENT
29,720575940608305756,720575940625571465,709494,217734,211560,720575940625571465,post,dendrite,343,343,1.168327590832,492,49,44,609.883992415,49,44,609.883992415,0.000000000,true,true,0.303912151373,709606.586613,218333.032072,211581.055045,82846.944999,5,0,fork,COMPUTATIONAL_SUBTREE_CANDIDATE_NOT_BIOLOGICAL_COMPARTMENT
30,720575940608305756,720575940625571465,709698,219336,210140,720575940625571465,post,dendrite,343,343,1.168327590832,492,87,82,86.301565522,87,82,86.301565522,0.000000000,true,true,0.843676430061,709761.396765,219357.343828,210085.472471,85331.975122,0,6,terminal,COMPUTATIONAL_SUBTREE_CANDIDATE_NOT_BIOLOGICAL_COMPARTMENT
31,720575940608305756,720575940625571465,709756,217672,211280,720575940625571465,post,dendrite,343,343,1.168327590832,492,49,44,634.150148766,49,44,634.150148766,0.000000000,true,true,0.602840193538,709832.349028,218301.480218,211271.521036,83231.360777,5,0,fork,COMPUTATIONAL_SUBTREE_CANDIDATE_NOT_BIOLOGICAL_COMPARTMENT
32,720575940608305756,720575940625571465,709756,217750,211160,720575940625571465,post,dendrite,343,343,1.168327590832,492,49,44,560.585771386,49,44,560.585771386,0.000000000,true,true,0.672998865723,709885.335663,218294.074970,211198.873135,83321.583495,5,0,fork,COMPUTATIONAL_SUBTREE_CANDIDATE_NOT_BIOLOGICAL_COMPARTMENT
33,720575940608305756,720575940625571465,710860,219484,210200,720575940625571465,post,dendrite,343,343,1.168327590832,492,149,157,127.488095566,149,157,127.488095566,0.000000000,true,true,0.906463414835,710860.424210,219582.460500,210119.015035,77745.970113,5,6,fork,COMPUTATIONAL_SUBTREE_CANDIDATE_NOT_BIOLOGICAL_COMPARTMENT
34,720575940608305756,720575940625571465,711166,219380,210060,720575940625571465,post,dendrite,343,343,1.168327590832,492,149,157,217.894716159,149,157,217.894716159,0.000000000,true,true,0.504512891329,711160.906343,219587.404491,210126.599842,77445.351609,5,6,fork,COMPUTATIONAL_SUBTREE_CANDIDATE_NOT_BIOLOGICAL_COMPARTMENT
35,720575940608305756,720575940625571465,711288,218272,210320,720575940625571465,post,dendrite,343,343,1.168327590832,492,162,159,280.096136423,162,159,280.096136423,0.000000000,true,true,0.649993266902,711524.395624,218270.628273,210470.230067,84970.697986,0,0,unlabeled_neurite,COMPUTATIONAL_SUBTREE_CANDIDATE_NOT_BIOLOGICAL_COMPARTMENT
36,720575940608305756,720575940625571465,711414,219292,210160,720575940625571465,post,dendrite,343,343,1.168327590832,492,159,160,256.881713246,159,160,256.881713246,0.000000000,true,true,1.000000000000,711605.250000,219166.610000,210277.000000,85891.028643,0,6,terminal,COMPUTATIONAL_SUBTREE_CANDIDATE_NOT_BIOLOGICAL_COMPARTMENT
37,720575940608305756,720575940625571465,711504,219104,210220,720575940625571465,post,dendrite,343,343,1.168327590832,492,159,160,119.066835734,159,160,119.066835734,0.000000000,true,true,0.926441440985,711600.740125,219111.128457,210289.046685,85834.075476,0,6,terminal,COMPUTATIONAL_SUBTREE_CANDIDATE_NOT_BIOLOGICAL_COMPARTMENT
38,720575940608305756,720575940625571465,711744,218166,210540,720575940625571465,post,dendrite,343,343,1.168327590832,492,162,159,237.927457899,162,159,237.927457899,0.000000000,true,true,0.443435761481,711512.861453,218186.984877,210487.616012,84884.491687,0,0,unlabeled_neurite,COMPUTATIONAL_SUBTREE_CANDIDATE_NOT_BIOLOGICAL_COMPARTMENT
39,720575940608305756,720575940625571465,713228,219472,210700,720575940625571465,post,dendrite,343,343,1.168327590832,492,233,247,100.155010185,233,247,100.155010185,0.000000000,true,true,0.297215237207,713164.382200,219476.247008,210622.761638,76414.341039,5,0,fork,COMPUTATIONAL_SUBTREE_CANDIDATE_NOT_BIOLOGICAL_COMPARTMENT
40,720575940608305756,720575940625571465,714558,218084,211020,720575940625571465,post,dendrite,343,343,1.168327590832,492,301,303,50.973334205,301,303,50.973334205,0.000000000,true,true,1.000000000000,714595.700000,218087.580000,211054.120000,84902.892665,0,6,terminal,COMPUTATIONAL_SUBTREE_CANDIDATE_NOT_BIOLOGICAL_COMPARTMENT
41,720575940610813816,720575940632008007,772614,251858,205980,720575940632008007,post,dendrite,292,292,1.132085908818,596,98,95,191.050894037,317,305,18118.979713102,17927.928819065,false,false,0.000000000000,789527.500000,254516.270000,211909.970000,79188.477654,0,0,unlabeled_neurite,COMPUTATIONAL_SUBTREE_CANDIDATE_NOT_BIOLOGICAL_COMPARTMENT
42,720575940610813816,720575940632008007,772802,251810,206000,720575940632008007,post,dendrite,292,292,1.132085908818,596,107,98,240.591208813,317,305,17944.191064626,17703.599855813,false,false,0.000000000000,789527.500000,254516.270000,211909.970000,79188.477654,0,0,unlabeled_neurite,COMPUTATIONAL_SUBTREE_CANDIDATE_NOT_BIOLOGICAL_COMPARTMENT
43,720575940610813816,720575940632008007,772920,256728,205460,720575940632008007,post,dendrite,292,292,1.132085908818,596,89,100,154.428721735,338,317,17951.974265066,17797.545543331,false,false,0.627642604485,789578.736378,254653.878399,211820.652632,79016.609012,0,0,unlabeled_neurite,COMPUTATIONAL_SUBTREE_CANDIDATE_NOT_BIOLOGICAL_COMPARTMENT
44,720575940610813816,720575940632008007,773504,257428,205160,720575940632008007,post,dendrite,292,292,1.132085908818,596,112,103,809.979988464,292,298,17461.224214069,16651.244225606,false,false,0.000000000000,789149.700000,263182.660000,210355.220000,65820.054739,5,0,fork,COMPUTATIONAL_SUBTREE_CANDIDATE_NOT_BIOLOGICAL_COMPARTMENT
45,720575940610813816,720575940632008007,775856,262282,203040,720575940632008007,post,dendrite,292,292,1.132085908818,596,147,155,203.109595824,292,298,15200.200385982,14997.090790158,false,false,0.000000000000,789149.700000,263182.660000,210355.220000,65820.054739,5,0,fork,COMPUTATIONAL_SUBTREE_CANDIDATE_NOT_BIOLOGICAL_COMPARTMENT
46,720575940610813816,720575940632008007,779942,258644,209040,720575940632008007,post,dendrite,292,292,1.132085908818,596,232,236,178.856543632,296,301,10288.331341520,10109.474797888,false,false,1.000000000000,789507.200000,262039.230000,210722.000000,67321.665648,0,0,unlabeled_neurite,COMPUTATIONAL_SUBTREE_CANDIDATE_NOT_BIOLOGICAL_COMPARTMENT
47,720575940610934340,720575940616224414,788290,269910,205120,720575940616224414,post,dendrite,358,358,1.145802863923,570,429,422,34.900194150,429,422,34.900194150,0.000000000,true,true,0.346777260665,788321.606407,269899.582157,205109.486813,83992.026207,0,0,unlabeled_neurite,COMPUTATIONAL_SUBTREE_CANDIDATE_NOT_BIOLOGICAL_COMPARTMENT
48,720575940610934340,720575940616224414,788410,269308,204980,720575940616224414,post,dendrite,358,358,1.145802863923,570,451,456,166.011541518,451,456,166.011541518,0.000000000,true,true,0.748580220612,788505.076295,269346.058205,205110.659493,85550.301346,0,6,terminal,COMPUTATIONAL_SUBTREE_CANDIDATE_NOT_BIOLOGICAL_COMPARTMENT
49,720575940610934340,720575940616224414,789858,268406,204980,720575940616224414,post,dendrite,358,358,1.145802863923,570,569,567,51.129815696,569,567,51.129815696,0.000000000,true,true,0.960761921559,789885.448758,268424.281464,205019.071880,85724.032384,5,6,fork,COMPUTATIONAL_SUBTREE_CANDIDATE_NOT_BIOLOGICAL_COMPARTMENT
50,720575940610934340,720575940616224414,790340,269468,204500,720575940616224414,post,dendrite,358,358,1.145802863923,570,664,630,34.668079704,664,630,34.668079704,0.000000000,true,true,0.456680066348,790360.974545,269444.389376,204485.700256,84240.253856,5,0,fork,COMPUTATIONAL_SUBTREE_CANDIDATE_NOT_BIOLOGICAL_COMPARTMENT
51,720575940610934340,720575940616224414,791132,270738,204780,720575940616224414,post,dendrite,358,358,1.145802863923,570,669,662,200.111692172,669,662,200.111692172,0.000000000,true,true,0.160426912588,790955.310148,270656.603895,204826.904792,83665.589381,0,0,unlabeled_neurite,COMPUTATIONAL_SUBTREE_CANDIDATE_NOT_BIOLOGICAL_COMPARTMENT
52,720575940612197986,720575940616224414,788796,273890,209720,720575940616224414,post,dendrite,358,358,1.145802863923,570,513,495,528.868790856,513,495,528.868790856,0.000000000,true,true,0.039292463058,789208.894573,273764.308987,210025.650191,94866.244616,0,6,terminal,COMPUTATIONAL_SUBTREE_CANDIDATE_NOT_BIOLOGICAL_COMPARTMENT
53,720575940612197986,720575940616224414,788842,272024,208760,720575940616224414,post,dendrite,358,358,1.145802863923,570,496,454,280.922159992,496,454,280.922159992,0.000000000,true,true,0.115797955286,788822.481301,271931.582700,209024.566292,90745.146098,0,0,unlabeled_neurite,COMPUTATIONAL_SUBTREE_CANDIDATE_NOT_BIOLOGICAL_COMPARTMENT
54,720575940612197986,720575940616224414,789562,272976,210380,720575940616224414,post,dendrite,358,358,1.145802863923,570,562,559,328.759108163,562,559,328.759108163,0.000000000,true,true,1.000000000000,789861.600000,272854.340000,210320.660000,92867.247757,5,6,fork,COMPUTATIONAL_SUBTREE_CANDIDATE_NOT_BIOLOGICAL_COMPARTMENT
55,720575940612197986,720575940616224414,789694,272882,208840,720575940616224414,post,dendrite,358,358,1.145802863923,570,563,577,262.596009795,563,577,262.596009795,0.000000000,true,true,0.974362777964,789890.493238,273032.386255,208927.926366,93110.387879,0,0,unlabeled_neurite,COMPUTATIONAL_SUBTREE_CANDIDATE_NOT_BIOLOGICAL_COMPARTMENT
56,720575940612197986,720575940616224414,789742,272780,210360,720575940616224414,post,dendrite,358,358,1.145802863923,570,562,559,145.753988464,562,559,145.753988464,0.000000000,true,true,0.964000897571,789866.499478,272849.608278,210330.020127,92855.671659,5,6,fork,COMPUTATIONAL_SUBTREE_CANDIDATE_NOT_BIOLOGICAL_COMPARTMENT
57,720575940612197986,720575940616224414,789958,273420,209600,720575940616224414,post,dendrite,358,358,1.145802863923,570,551,542,228.358136627,551,542,228.358136627,0.000000000,true,true,0.976441309746,789735.072919,273415.428603,209550.704386,94067.279097,5,0,fork,COMPUTATIONAL_SUBTREE_CANDIDATE_NOT_BIOLOGICAL_COMPARTMENT
58,720575940612197986,720575940616224414,790226,272152,210420,720575940616224414,post,dendrite,358,358,1.145802863923,570,536,561,225.162380280,536,561,225.162380280,0.000000000,true,true,0.258899505551,790023.649021,272112.950293,210329.295539,91858.252795,0,0,unlabeled_neurite,COMPUTATIONAL_SUBTREE_CANDIDATE_NOT_BIOLOGICAL_COMPARTMENT
59,720575940612197986,720575940616224414,790460,274386,207980,720575940616224414,post,dendrite,358,358,1.145802863923,570,751,698,453.718870230,751,698,453.718870230,0.000000000,true,true,0.516442985329,790803.136739,274668.344596,207888.351103,91786.547110,0,5,fork,COMPUTATIONAL_SUBTREE_CANDIDATE_NOT_BIOLOGICAL_COMPARTMENT
60,720575940612197986,720575940616224414,790550,272676,210860,720575940616224414,post,dendrite,358,358,1.145802863923,570,558,557,118.651373889,558,557,118.651373889,0.000000000,true,true,0.800434913709,790522.160264,272707.089797,210971.069898,93268.367528,0,0,unlabeled_neurite,COMPUTATIONAL_SUBTREE_CANDIDATE_NOT_BIOLOGICAL_COMPARTMENT
61,720575940612197986,720575940616224414,790928,270752,207980,720575940616224414,post,dendrite,358,358,1.145802863923,570,721,705,175.699436108,721,705,175.699436108,0.000000000,true,true,0.006372946433,791061.501211,270828.828445,207895.471256,87098.876387,0,0,unlabeled_neurite,COMPUTATIONAL_SUBTREE_CANDIDATE_NOT_BIOLOGICAL_COMPARTMENT
62,720575940612197986,720575940616224414,791664,275144,207540,720575940616224414,post,dendrite,358,358,1.145802863923,570,635,642,83.975430044,635,642,83.975430044,0.000000000,true,true,0.935446619727,791640.198047,275205.873544,207488.453861,93710.048725,0,6,terminal,COMPUTATIONAL_SUBTREE_CANDIDATE_NOT_BIOLOGICAL_COMPARTMENT
63,720575940612197986,720575940616224414,792618,275284,208500,720575940616224414,post,dendrite,358,358,1.145802863923,570,873,866,230.997229592,873,866,230.997229592,0.000000000,true,true,0.218106339714,792687.139014,275204.670148,208705.636309,92048.066260,0,6,terminal,COMPUTATIONAL_SUBTREE_CANDIDATE_NOT_BIOLOGICAL_COMPARTMENT
64,720575940612197986,720575940616224414,792992,270540,209940,720575940616224414,post,dendrite,358,358,1.145802863923,570,829,846,104.996901885,829,846,104.996901885,0.000000000,true,true,0.532099191722,792905.227377,270492.821845,209904.375808,88206.243459,5,0,fork,COMPUTATIONAL_SUBTREE_CANDIDATE_NOT_BIOLOGICAL_COMPARTMENT
65,720575940614063587,720575940632008007,774108,252874,205260,720575940632008007,post,dendrite,292,292,1.132085908818,596,142,151,821.454100118,317,305,16872.466684033,16051.012583915,false,false,0.000000000000,789527.500000,254516.270000,211909.970000,79188.477654,0,0,unlabeled_neurite,COMPUTATIONAL_SUBTREE_CANDIDATE_NOT_BIOLOGICAL_COMPARTMENT
66,720575940614063587,720575940632008007,776482,256456,206320,720575940632008007,post,dendrite,292,292,1.132085908818,596,172,189,318.278230179,338,317,14313.739184745,13995.460954566,false,false,0.000000000000,789665.100000,254885.830000,211670.100000,78726.908623,0,0,unlabeled_neurite,COMPUTATIONAL_SUBTREE_CANDIDATE_NOT_BIOLOGICAL_COMPARTMENT
67,720575940614063587,720575940632008007,776758,256310,206560,720575940632008007,post,dendrite,292,292,1.132085908818,596,172,189,244.853140474,338,317,13954.638019020,13709.784878546,false,false,0.112374844469,789649.637221,254844.300752,211697.055354,78778.777371,0,0,unlabeled_neurite,COMPUTATIONAL_SUBTREE_CANDIDATE_NOT_BIOLOGICAL_COMPARTMENT
68,720575940614063587,720575940632008007,776850,260662,205040,720575940632008007,post,dendrite,292,292,1.132085908818,596,180,182,216.594383563,292,298,13634.071679949,13417.477296387,false,false,0.000000000000,789149.700000,263182.660000,210355.220000,65820.054739,5,0,fork,COMPUTATIONAL_SUBTREE_CANDIDATE_NOT_BIOLOGICAL_COMPARTMENT
69,720575940614063587,720575940632008007,777710,258886,206420,720575940632008007,post,dendrite,292,292,1.132085908818,596,191,205,603.433216409,292,298,12837.989706103,12234.556489694,false,false,0.000000000000,789149.700000,263182.660000,210355.220000,65820.054739,5,0,fork,COMPUTATIONAL_SUBTREE_CANDIDATE_NOT_BIOLOGICAL_COMPARTMENT
70,720575940614212258,720575940632008007,789758,255332,214660,720575940632008007,post,dendrite,292,292,1.132085908818,596,347,332,515.528784257,347,332,515.528784257,0.000000000,true,true,0.831479760269,789553.269555,254866.131809,214577.403384,79572.920704,5,0,fork,COMPUTATIONAL_SUBTREE_CANDIDATE_NOT_BIOLOGICAL_COMPARTMENT
71,720575940614212258,720575940632008007,790032,253412,216700,720575940632008007,post,dendrite,292,292,1.132085908818,596,326,335,59.009390359,326,335,59.009390359,0.000000000,true,true,0.262011014540,789992.991702,253370.153534,216685.531618,83836.229827,0,0,unlabeled_neurite,COMPUTATIONAL_SUBTREE_CANDIDATE_NOT_BIOLOGICAL_COMPARTMENT
72,720575940614212258,720575940632008007,790072,253496,216380,720575940632008007,post,dendrite,292,292,1.132085908818,596,307,326,95.903502795,307,326,95.903502795,0.000000000,true,true,0.336248372895,790040.571489,253577.555135,216419.477722,83461.554381,5,0,fork,COMPUTATIONAL_SUBTREE_CANDIDATE_NOT_BIOLOGICAL_COMPARTMENT
73,720575940614212258,720575940632008007,790248,253692,216500,720575940632008007,post,dendrite,292,292,1.132085908818,596,307,325,181.737916009,307,325,181.737916009,0.000000000,true,true,0.723984206283,790245.729003,253735.104066,216323.462321,83493.976193,5,0,fork,COMPUTATIONAL_SUBTREE_CANDIDATE_NOT_BIOLOGICAL_COMPARTMENT
74,720575940614212258,720575940632008007,790288,254818,214340,720575940632008007,post,dendrite,292,292,1.132085908818,596,369,347,219.745085036,369,347,219.745085036,0.000000000,true,true,0.454380106019,790083.192453,254892.799482,214367.327801,78824.560308,0,5,fork,COMPUTATIONAL_SUBTREE_CANDIDATE_NOT_BIOLOGICAL_COMPARTMENT
75,720575940614212258,720575940632008007,790346,252840,217320,720575940632008007,post,dendrite,292,292,1.132085908818,596,336,324,315.589429768,336,324,315.589429768,0.000000000,true,true,0.902374002813,790155.298701,252597.040727,217255.188780,85007.095174,0,0,unlabeled_neurite,COMPUTATIONAL_SUBTREE_CANDIDATE_NOT_BIOLOGICAL_COMPARTMENT
76,720575940614212258,720575940632008007,790542,256068,216440,720575940632008007,post,dendrite,292,292,1.132085908818,596,339,360,170.559683118,339,360,170.559683118,0.000000000,true,true,0.628770336869,790497.503483,255944.690612,216549.112145,82867.585026,0,6,terminal,COMPUTATIONAL_SUBTREE_CANDIDATE_NOT_BIOLOGICAL_COMPARTMENT
77,720575940614324130,720575940617782941,720310,237006,227800,720575940617782941,post,dendrite,323,323,1.292496110721,362,421,417,88.938406215,235,224,20430.742285793,20341.803879579,false,false,0.000000000000,712953.250000,223324.340000,214529.520000,64716.973492,0,6,terminal,COMPUTATIONAL_SUBTREE_CANDIDATE_NOT_BIOLOGICAL_COMPARTMENT
78,720575940614324130,720575940617782941,720414,237400,226100,720575940617782941,post,dendrite,323,323,1.292496110721,362,422,421,659.724544336,235,224,19689.159515543,19029.434971207,false,false,0.000000000000,712953.250000,223324.340000,214529.520000,64716.973492,0,6,terminal,COMPUTATIONAL_SUBTREE_CANDIDATE_NOT_BIOLOGICAL_COMPARTMENT
79,720575940614324130,720575940617782941,721686,230306,226040,720575940617782941,post,dendrite,323,323,1.292496110721,362,434,426,71.914886498,235,224,16046.670955326,15974.756068828,false,false,0.000000000000,712953.250000,223324.340000,214529.520000,64716.973492,0,6,terminal,COMPUTATIONAL_SUBTREE_CANDIDATE_NOT_BIOLOGICAL_COMPARTMENT
80,720575940614324130,720575940617782941,721854,226308,223940,720575940617782941,post,dendrite,323,323,1.292496110721,362,457,455,114.239203429,246,235,13225.747789864,13111.508586436,false,false,0.000000000000,712975.750000,222824.750000,214776.810000,64159.076761,0,0,unlabeled_neurite,COMPUTATIONAL_SUBTREE_CANDIDATE_NOT_BIOLOGICAL_COMPARTMENT
81,720575940614324130,720575940617782941,721892,226198,224120,720575940617782941,post,dendrite,323,323,1.292496110721,362,457,455,238.561836737,246,235,13348.165754181,13109.603917445,false,false,0.000000000000,712975.750000,222824.750000,214776.810000,64159.076761,0,0,unlabeled_neurite,COMPUTATIONAL_SUBTREE_CANDIDATE_NOT_BIOLOGICAL_COMPARTMENT
82,720575940614324130,720575940625571465,720974,225470,223180,720575940625571465,post,dendrite,343,343,1.168327590832,492,384,385,203.742802772,369,362,6003.875349972,5800.132547200,false,false,1.000000000000,719639.400000,227308.780000,217622.640000,89307.550720,5,6,fork,COMPUTATIONAL_SUBTREE_CANDIDATE_NOT_BIOLOGICAL_COMPARTMENT
83,720575940614324130,720575940625571465,721308,227270,215540,720575940625571465,post,dendrite,343,343,1.168327590832,492,389,393,283.289109092,389,393,283.289109092,0.000000000,true,true,0.647225747146,721262.040459,227021.670802,215411.652623,76027.911937,0,0,unlabeled_neurite,COMPUTATIONAL_SUBTREE_CANDIDATE_NOT_BIOLOGICAL_COMPARTMENT
84,720575940614324130,720575940625571465,721354,224448,216900,720575940625571465,post,dendrite,343,343,1.168327590832,492,406,414,434.897787073,406,414,434.897787073,0.000000000,true,true,0.610423081850,721555.367900,224689.864997,216599.852741,85640.603736,5,5,fork,COMPUTATIONAL_SUBTREE_CANDIDATE_NOT_BIOLOGICAL_COMPARTMENT
85,720575940614324130,720575940625571465,721532,224854,217160,720575940625571465,post,dendrite,343,343,1.168327590832,492,431,437,90.262310654,431,437,90.262310654,0.000000000,true,true,0.950930961827,721587.165338,224792.466408,217196.299961,86863.789682,0,6,terminal,COMPUTATIONAL_SUBTREE_CANDIDATE_NOT_BIOLOGICAL_COMPARTMENT
86,720575940614324130,720575940625571465,723304,222780,215600,720575940625571465,post,dendrite,343,343,1.168327590832,492,471,472,401.771151777,471,472,401.771151777,0.000000000,true,true,1.000000000000,723212.560000,222428.620000,215427.980000,86150.664716,0,5,fork,COMPUTATIONAL_SUBTREE_CANDIDATE_NOT_BIOLOGICAL_COMPARTMENT
87,720575940614484530,720575940625571465,708704,217066,212020,720575940625571465,post,dendrite,343,343,1.168327590832,492,75,60,79.422339427,75,60,79.422339427,0.000000000,true,true,1.000000000000,708742.900000,217108.560000,212074.620000,82528.638001,5,6,fork,COMPUTATIONAL_SUBTREE_CANDIDATE_NOT_BIOLOGICAL_COMPARTMENT
88,720575940614484530,720575940625571465,710198,216624,212060,720575940625571465,post,dendrite,343,343,1.168327590832,492,73,74,582.539195356,73,74,582.539195356,0.000000000,true,true,0.616421819934,710017.555222,217060.817110,211719.438099,81646.804170,5,0,fork,COMPUTATIONAL_SUBTREE_CANDIDATE_NOT_BIOLOGICAL_COMPARTMENT
89,720575940614484530,720575940625571465,710884,215118,211840,720575940625571465,post,dendrite,343,343,1.168327590832,492,102,120,151.044793224,102,120,151.044793224,0.000000000,true,true,0.502076354615,710817.617655,215027.621081,211738.809265,83988.617328,0,6,terminal,COMPUTATIONAL_SUBTREE_CANDIDATE_NOT_BIOLOGICAL_COMPARTMENT
90,720575940614484530,720575940625571465,710950,214954,211960,720575940625571465,post,dendrite,343,343,1.168327590832,492,92,101,47.394018610,92,101,47.394018610,0.000000000,true,true,1.000000000000,710918.400000,214931.970000,211987.610000,84006.106756,5,6,fork,COMPUTATIONAL_SUBTREE_CANDIDATE_NOT_BIOLOGICAL_COMPARTMENT
91,720575940614484530,720575940625571465,711024,215114,211720,720575940625571465,post,dendrite,343,343,1.168327590832,492,102,120,132.282517741,102,120,132.282517741,0.000000000,true,true,1.000000000000,710947.750000,215053.060000,211630.720000,84159.687065,0,6,terminal,COMPUTATIONAL_SUBTREE_CANDIDATE_NOT_BIOLOGICAL_COMPARTMENT
92,720575940614484530,720575940625571465,713418,215520,213260,720575940625571465,post,dendrite,343,343,1.168327590832,492,288,274,298.833251733,288,274,298.833251733,0.000000000,true,true,0.956693325208,713712.619904,215569.670812,213254.235004,84261.584429,0,6,terminal,COMPUTATIONAL_SUBTREE_CANDIDATE_NOT_BIOLOGICAL_COMPARTMENT
93,720575940614484530,720575940625571465,713998,215802,213420,720575940625571465,post,dendrite,343,343,1.168327590832,492,288,274,338.977348537,288,274,338.977348537,0.000000000,true,true,0.307148228750,713678.421354,215778.915270,213309.355401,84042.515851,0,6,terminal,COMPUTATIONAL_SUBTREE_CANDIDATE_NOT_BIOLOGICAL_COMPARTMENT
94,720575940615101506,720575940632008007,772906,261576,203120,720575940632008007,post,dendrite,292,292,1.132085908818,596,101,93,587.457340990,292,298,17854.622776581,17267.165435591,false,false,0.000000000000,789149.700000,263182.660000,210355.220000,65820.054739,5,0,fork,COMPUTATIONAL_SUBTREE_CANDIDATE_NOT_BIOLOGICAL_COMPARTMENT
95,720575940615101506,720575940632008007,772924,261646,203000,720575940632008007,post,dendrite,292,292,1.132085908818,596,101,93,536.080996112,292,298,17881.105270480,17345.024274368,false,false,0.000000000000,789149.700000,263182.660000,210355.220000,65820.054739,5,0,fork,COMPUTATIONAL_SUBTREE_CANDIDATE_NOT_BIOLOGICAL_COMPARTMENT
96,720575940615101506,720575940632008007,774226,251718,206980,720575940632008007,post,dendrite,292,292,1.132085908818,596,139,144,453.616117060,317,305,16315.823464803,15862.207347743,false,false,0.415446603273,789556.398466,254266.520120,211948.905656,79442.890919,0,0,unlabeled_neurite,COMPUTATIONAL_SUBTREE_CANDIDATE_NOT_BIOLOGICAL_COMPARTMENT
97,720575940615101506,720575940632008007,775470,257590,207560,720575940632008007,post,dendrite,292,292,1.132085908818,596,176,173,259.702757243,338,317,15023.525598504,14763.822841261,false,false,0.000000000000,789665.100000,254885.830000,211670.100000,78726.908623,0,0,unlabeled_neurite,COMPUTATIONAL_SUBTREE_CANDIDATE_NOT_BIOLOGICAL_COMPARTMENT
98,720575940615101506,720575940632008007,775998,257998,207200,720575940632008007,post,dendrite,292,292,1.132085908818,596,174,175,472.278942258,292,298,14484.589240085,14012.310297828,false,false,0.000000000000,789149.700000,263182.660000,210355.220000,65820.054739,5,0,fork,COMPUTATIONAL_SUBTREE_CANDIDATE_NOT_BIOLOGICAL_COMPARTMENT
99,720575940615101506,720575940632008007,779908,258578,208680,720575940632008007,post,dendrite,292,292,1.132085908818,596,232,236,207.178559623,296,301,10406.465190107,10199.286630484,false,false,1.000000000000,789507.200000,262039.230000,210722.000000,67321.665648,0,0,unlabeled_neurite,COMPUTATIONAL_SUBTREE_CANDIDATE_NOT_BIOLOGICAL_COMPARTMENT
100,720575940615101506,720575940632008007,790160,252400,217740,720575940632008007,post,dendrite,292,292,1.132085908818,596,330,328,43.666105175,330,328,43.666105175,0.000000000,true,true,0.878246328273,790169.070016,252391.154554,217698.212183,86271.165301,5,6,fork,COMPUTATIONAL_SUBTREE_CANDIDATE_NOT_BIOLOGICAL_COMPARTMENT
101,720575940615901115,720575940617782941,709866,223730,211160,720575940617782941,post,dendrite,323,323,1.292496110721,362,90,92,59.274342679,90,92,59.274342679,0.000000000,true,true,1.000000000000,709815.900000,223760.110000,211150.160000,68569.698710,0,6,terminal,COMPUTATIONAL_SUBTREE_CANDIDATE_NOT_BIOLOGICAL_COMPARTMENT
102,720575940615901115,720575940617782941,711102,224478,211320,720575940617782941,post,dendrite,323,323,1.292496110721,362,101,117,67.111250259,101,117,67.111250259,0.000000000,true,true,0.615811185384,711039.454809,224485.662574,211343.093375,69238.019165,0,6,terminal,COMPUTATIONAL_SUBTREE_CANDIDATE_NOT_BIOLOGICAL_COMPARTMENT
103,720575940615901115,720575940617782941,711124,224542,211460,720575940617782941,post,dendrite,323,323,1.292496110721,362,101,117,54.995726458,101,117,54.995726458,0.000000000,true,true,0.902214333852,711087.616362,224579.322131,211442.455219,69382.810132,0,6,terminal,COMPUTATIONAL_SUBTREE_CANDIDATE_NOT_BIOLOGICAL_COMPARTMENT
104,720575940615901115,720575940617782941,712742,223532,212220,720575940617782941,post,dendrite,323,323,1.292496110721,362,269,241,119.952323862,269,241,119.952323862,0.000000000,true,true,1.000000000000,712842.800000,223553.400000,212281.400000,65671.460176,5,6,fork,COMPUTATIONAL_SUBTREE_CANDIDATE_NOT_BIOLOGICAL_COMPARTMENT
105,720575940615901115,720575940617782941,712764,223002,212000,720575940617782941,post,dendrite,323,323,1.292496110721,362,298,269,391.419589306,298,269,391.419589306,0.000000000,true,true,0.258938520908,713082.548341,223076.910358,212214.766588,65124.074382,5,5,fork,COMPUTATIONAL_SUBTREE_CANDIDATE_NOT_BIOLOGICAL_COMPARTMENT
106,720575940615901115,720575940617782941,713322,222732,211040,720575940617782941,post,dendrite,323,323,1.292496110721,362,297,267,118.502156970,297,267,118.502156970,0.000000000,true,true,0.797363298573,713234.897461,222660.740496,211077.121313,65542.822404,0,6,terminal,COMPUTATIONAL_SUBTREE_CANDIDATE_NOT_BIOLOGICAL_COMPARTMENT
107,720575940616224414,720575940605115936,759730,276524,213260,720575940616224414,pre,axon_terminal,358,358,1.145802863923,570,35,32,286.644605870,331,329,27378.149419564,27091.504813694,false,false,1.000000000000,785678.000000,281180.120000,205871.840000,101883.826859,0,6,terminal,COMPUTATIONAL_SUBTREE_CANDIDATE_NOT_BIOLOGICAL_COMPARTMENT
108,720575940616224414,720575940605115936,760956,269128,213140,720575940616224414,pre,axon_terminal,358,358,1.145802863923,570,48,39,267.525167601,363,349,27189.294964563,26921.769796962,false,false,0.000000000000,787191.300000,271875.060000,206550.580000,85408.851239,0,0,unlabeled_neurite,COMPUTATIONAL_SUBTREE_CANDIDATE_NOT_BIOLOGICAL_COMPARTMENT
109,720575940616224414,720575940605115936,761294,269026,212260,720575940616224414,pre,axon_terminal,358,358,1.145802863923,570,61,58,516.729560545,363,349,26671.797219348,26155.067658803,false,false,0.000000000000,787191.300000,271875.060000,206550.580000,85408.851239,0,0,unlabeled_neurite,COMPUTATIONAL_SUBTREE_CANDIDATE_NOT_BIOLOGICAL_COMPARTMENT
110,720575940616224414,720575940605115936,763094,273840,212820,720575940616224414,pre,axon_terminal,358,358,1.145802863923,570,64,69,675.343906075,331,329,24742.500783066,24067.156876991,false,false,1.000000000000,785678.000000,281180.120000,205871.840000,101883.826859,0,6,terminal,COMPUTATIONAL_SUBTREE_CANDIDATE_NOT_BIOLOGICAL_COMPARTMENT
111,720575940616224414,720575940605115936,763428,272290,215200,720575940616224414,pre,axon_terminal,358,358,1.145802863923,570,104,103,401.757326667,363,349,25291.877518880,24890.120192212,false,false,0.000000000000,787191.300000,271875.060000,206550.580000,85408.851239,0,0,unlabeled_neurite,COMPUTATIONAL_SUBTREE_CANDIDATE_NOT_BIOLOGICAL_COMPARTMENT
112,720575940616224414,720575940605115936,764170,265852,212600,720575940616224414,pre,axon_terminal,358,358,1.145802863923,570,129,126,433.659206828,383,372,24269.266297126,23835.607090298,false,false,1.000000000000,787387.060000,269671.940000,206652.440000,85263.315668,0,6,terminal,COMPUTATIONAL_SUBTREE_CANDIDATE_NOT_BIOLOGICAL_COMPARTMENT
113,720575940616224414,720575940605115936,764548,276212,212200,720575940616224414,pre,axon_terminal,358,358,1.145802863923,570,154,156,215.524051846,331,329,22609.836914936,22394.312863090,false,false,1.000000000000,785678.000000,281180.120000,205871.840000,101883.826859,0,6,terminal,COMPUTATIONAL_SUBTREE_CANDIDATE_NOT_BIOLOGICAL_COMPARTMENT
114,720575940616224414,720575940612735205,760834,268858,213240,720575940616224414,pre,axon_terminal,358,358,1.145802863923,570,48,39,323.446309764,363,349,27359.792657657,27036.346347893,false,false,0.000000000000,787191.300000,271875.060000,206550.580000,85408.851239,0,0,unlabeled_neurite,COMPUTATIONAL_SUBTREE_CANDIDATE_NOT_BIOLOGICAL_COMPARTMENT
115,720575940616224414,720575940612735205,763108,274866,213300,720575940616224414,pre,axon_terminal,358,358,1.145802863923,570,69,88,567.062257024,331,329,24585.576510629,24018.514253605,false,false,1.000000000000,785678.000000,281180.120000,205871.840000,101883.826859,0,6,terminal,COMPUTATIONAL_SUBTREE_CANDIDATE_NOT_BIOLOGICAL_COMPARTMENT
116,720575940616224414,720575940612735205,763252,274832,213380,720575940616224414,pre,axon_terminal,358,358,1.145802863923,570,69,88,454.410324674,331,329,24486.661065160,24032.250740486,false,false,1.000000000000,785678.000000,281180.120000,205871.840000,101883.826859,0,6,terminal,COMPUTATIONAL_SUBTREE_CANDIDATE_NOT_BIOLOGICAL_COMPARTMENT
117,720575940616224414,720575940612735205,763468,272352,215300,720575940616224414,pre,axon_terminal,358,358,1.145802863923,570,104,103,293.819729667,363,349,25289.815835431,24995.996105763,false,false,0.000000000000,787191.300000,271875.060000,206550.580000,85408.851239,0,0,unlabeled_neurite,COMPUTATIONAL_SUBTREE_CANDIDATE_NOT_BIOLOGICAL_COMPARTMENT
118,720575940616224414,720575940612735205,763788,272538,215460,720575940616224414,pre,axon_terminal,358,358,1.145802863923,570,103,107,55.982800390,363,349,25050.582928746,24994.600128357,false,false,0.000000000000,787191.300000,271875.060000,206550.580000,85408.851239,0,0,unlabeled_neurite,COMPUTATIONAL_SUBTREE_CANDIDATE_NOT_BIOLOGICAL_COMPARTMENT
119,720575940616224414,720575940612735205,763940,270788,215660,720575940616224414,pre,axon_terminal,358,358,1.145802863923,570,116,114,308.188879910,363,349,24995.723311599,24687.534431689,false,false,0.000000000000,787191.300000,271875.060000,206550.580000,85408.851239,0,0,unlabeled_neurite,COMPUTATIONAL_SUBTREE_CANDIDATE_NOT_BIOLOGICAL_COMPARTMENT
120,720575940616224414,720575940612735205,764760,267540,214580,720575940616224414,pre,axon_terminal,358,358,1.145802863923,570,159,145,263.228164127,383,372,24070.214372971,23806.986208845,false,false,1.000000000000,787387.060000,269671.940000,206652.440000,85263.315668,0,6,terminal,COMPUTATIONAL_SUBTREE_CANDIDATE_NOT_BIOLOGICAL_COMPARTMENT
121,720575940616224414,720575940612735205,764886,267478,214460,720575940616224414,pre,axon_terminal,358,358,1.145802863923,570,159,145,331.255738603,383,372,23917.965360808,23586.709622205,false,false,1.000000000000,787387.060000,269671.940000,206652.440000,85263.315668,0,6,terminal,COMPUTATIONAL_SUBTREE_CANDIDATE_NOT_BIOLOGICAL_COMPARTMENT
122,720575940616224414,720575940613214058,760424,276964,212480,720575940616224414,pre,axon_terminal,358,358,1.145802863923,570,33,41,271.162221906,331,329,26442.540771265,26171.378549359,false,false,1.000000000000,785678.000000,281180.120000,205871.840000,101883.826859,0,6,terminal,COMPUTATIONAL_SUBTREE_CANDIDATE_NOT_BIOLOGICAL_COMPARTMENT
123,720575940616224414,720575940613214058,760586,277196,212980,720575940616224414,pre,axon_terminal,358,358,1.145802863923,570,33,42,251.337929887,331,329,26381.956234518,26130.618304630,false,false,1.000000000000,785678.000000,281180.120000,205871.840000,101883.826859,0,6,terminal,COMPUTATIONAL_SUBTREE_CANDIDATE_NOT_BIOLOGICAL_COMPARTMENT
124,720575940616224414,720575940613214058,760614,274960,213940,720575940616224414,pre,axon_terminal,358,358,1.145802863923,570,50,47,226.341370012,331,329,27055.298826662,26828.957456650,false,false,1.000000000000,785678.000000,281180.120000,205871.840000,101883.826859,0,6,terminal,COMPUTATIONAL_SUBTREE_CANDIDATE_NOT_BIOLOGICAL_COMPARTMENT
125,720575940616224414,720575940613214058,760876,274658,213680,720575940616224414,pre,axon_terminal,358,358,1.145802863923,570,57,50,160.732186786,331,329,26807.547740888,26646.815554103,false,false,1.000000000000,785678.000000,281180.120000,205871.840000,101883.826859,0,6,terminal,COMPUTATIONAL_SUBTREE_CANDIDATE_NOT_BIOLOGICAL_COMPARTMENT
126,720575940616224414,720575940613214058,761762,274006,213880,720575940616224414,pre,axon_terminal,358,358,1.145802863923,570,64,70,395.881373186,331,329,26221.626195947,25825.744822762,false,false,1.000000000000,785678.000000,281180.120000,205871.840000,101883.826859,0,6,terminal,COMPUTATIONAL_SUBTREE_CANDIDATE_NOT_BIOLOGICAL_COMPARTMENT
127,720575940616224414,720575940613214058,763318,272254,215320,720575940616224414,pre,axon_terminal,358,358,1.145802863923,570,104,103,440.279832445,363,349,25435.816785588,24995.536953143,false,false,0.000000000000,787191.300000,271875.060000,206550.580000,85408.851239,0,0,unlabeled_neurite,COMPUTATIONAL_SUBTREE_CANDIDATE_NOT_BIOLOGICAL_COMPARTMENT
128,720575940616224414,720575940613214058,763518,271256,215420,720575940616224414,pre,axon_terminal,358,358,1.145802863923,570,114,106,130.438269691,363,349,25287.842519875,25157.404250184,false,false,0.000000000000,787191.300000,271875.060000,206550.580000,85408.851239,0,0,unlabeled_neurite,COMPUTATIONAL_SUBTREE_CANDIDATE_NOT_BIOLOGICAL_COMPARTMENT
129,720575940616224414,720575940613214058,764526,270342,214160,720575940616224414,pre,axon_terminal,358,358,1.145802863923,570,160,151,468.201121283,363,349,23957.657852762,23489.456731479,false,false,0.000000000000,787191.300000,271875.060000,206550.580000,85408.851239,0,0,unlabeled_neurite,COMPUTATIONAL_SUBTREE_CANDIDATE_NOT_BIOLOGICAL_COMPARTMENT
130,720575940616224414,720575940617278109,760046,276924,213360,720575940616224414,pre,axon_terminal,358,358,1.145802863923,570,31,33,358.646405565,331,329,27040.460825215,26681.814419650,false,false,1.000000000000,785678.000000,281180.120000,205871.840000,101883.826859,0,6,terminal,COMPUTATIONAL_SUBTREE_CANDIDATE_NOT_BIOLOGICAL_COMPARTMENT
131,720575940616224414,720575940617278109,760990,274570,213600,720575940616224414,pre,axon_terminal,358,358,1.145802863923,570,57,50,155.841251700,331,329,26700.477287869,26544.636036169,false,false,1.000000000000,785678.000000,281180.120000,205871.840000,101883.826859,0,6,terminal,COMPUTATIONAL_SUBTREE_CANDIDATE_NOT_BIOLOGICAL_COMPARTMENT
132,720575940616224414,720575940617278109,761040,269170,213120,720575940616224414,pre,axon_terminal,358,358,1.145802863923,570,48,39,341.990051463,363,349,27099.171951003,26757.181899539,false,false,0.000000000000,787191.300000,271875.060000,206550.580000,85408.851239,0,0,unlabeled_neurite,COMPUTATIONAL_SUBTREE_CANDIDATE_NOT_BIOLOGICAL_COMPARTMENT
133,720575940616224414,720575940617278109,761372,274320,213280,720575940616224414,pre,axon_terminal,358,358,1.145802863923,570,70,57,290.369980337,331,329,26319.645077394,26029.275097057,false,false,1.000000000000,785678.000000,281180.120000,205871.840000,101883.826859,0,6,terminal,COMPUTATIONAL_SUBTREE_CANDIDATE_NOT_BIOLOGICAL_COMPARTMENT
134,720575940616224414,720575940617278109,761882,268972,212340,720575940616224414,pre,axon_terminal,358,358,1.145802863923,570,68,61,422.319906187,363,349,26124.812110138,25702.492203951,false,false,0.000000000000,787191.300000,271875.060000,206550.580000,85408.851239,0,0,unlabeled_neurite,COMPUTATIONAL_SUBTREE_CANDIDATE_NOT_BIOLOGICAL_COMPARTMENT
135,720575940616224414,720575940617278109,763244,274848,213120,720575940616224414,pre,axon_terminal,358,358,1.145802863923,570,69,88,521.798564100,331,329,24411.389208318,23889.590644219,false,false,1.000000000000,785678.000000,281180.120000,205871.840000,101883.826859,0,6,terminal,COMPUTATIONAL_SUBTREE_CANDIDATE_NOT_BIOLOGICAL_COMPARTMENT
136,720575940616224414,720575940617278109,763846,270998,214740,720575940616224414,pre,axon_terminal,358,358,1.145802863923,570,153,116,506.766441371,363,349,24755.582527382,24248.816086010,false,false,0.000000000000,787191.300000,271875.060000,206550.580000,85408.851239,0,0,unlabeled_neurite,COMPUTATIONAL_SUBTREE_CANDIDATE_NOT_BIOLOGICAL_COMPARTMENT
137,720575940616224414,720575940617278109,764198,275516,212960,720575940616224414,pre,axon_terminal,358,358,1.145802863923,570,122,131,368.681277419,331,329,23317.690013378,22949.008735959,false,false,1.000000000000,785678.000000,281180.120000,205871.840000,101883.826859,0,6,terminal,COMPUTATIONAL_SUBTREE_CANDIDATE_NOT_BIOLOGICAL_COMPARTMENT
138,720575940616224414,720575940617278109,764274,267598,214040,720575940616224414,pre,axon_terminal,358,358,1.145802863923,570,158,159,415.938848252,383,372,24353.455862378,23937.517014127,false,false,1.000000000000,787387.060000,269671.940000,206652.440000,85263.315668,0,6,terminal,COMPUTATIONAL_SUBTREE_CANDIDATE_NOT_BIOLOGICAL_COMPARTMENT
139,720575940616224414,720575940617278109,764304,265934,212480,720575940616224414,pre,axon_terminal,358,358,1.145802863923,570,129,126,456.068420106,383,372,24098.969064273,23642.900644167,false,false,1.000000000000,787387.060000,269671.940000,206652.440000,85263.315668,0,6,terminal,COMPUTATIONAL_SUBTREE_CANDIDATE_NOT_BIOLOGICAL_COMPARTMENT
140,720575940616224414,720575940617278109,764616,266010,212520,720575940616224414,pre,axon_terminal,358,358,1.145802863923,570,126,132,370.627339261,383,372,23798.303268107,23427.675928846,false,false,1.000000000000,787387.060000,269671.940000,206652.440000,85263.315668,0,6,terminal,COMPUTATIONAL_SUBTREE_CANDIDATE_NOT_BIOLOGICAL_COMPARTMENT
141,720575940616224414,720575940618898715,759922,276896,213400,720575940616224414,pre,axon_terminal,358,358,1.145802863923,570,35,31,385.077282248,331,329,27173.487320548,26788.410038301,false,false,1.000000000000,785678.000000,281180.120000,205871.840000,101883.826859,0,6,terminal,COMPUTATIONAL_SUBTREE_CANDIDATE_NOT_BIOLOGICAL_COMPARTMENT
142,720575940616224414,720575940618898715,760070,276778,212700,720575940616224414,pre,axon_terminal,358,358,1.145802863923,570,42,44,306.610343168,331,329,26865.816449161,26559.206105993,false,false,1.000000000000,785678.000000,281180.120000,205871.840000,101883.826859,0,6,terminal,COMPUTATIONAL_SUBTREE_CANDIDATE_NOT_BIOLOGICAL_COMPARTMENT
143,720575940616224414,720575940618898715,761034,269180,212980,720575940616224414,pre,axon_terminal,358,358,1.145802863923,570,48,39,317.070647175,363,349,27070.373717960,26753.303070785,false,false,0.000000000000,787191.300000,271875.060000,206550.580000,85408.851239,0,0,unlabeled_neurite,COMPUTATIONAL_SUBTREE_CANDIDATE_NOT_BIOLOGICAL_COMPARTMENT
144,720575940616224414,720575940618898715,761296,268888,212240,720575940616224414,pre,axon_terminal,358,358,1.145802863923,570,61,58,535.981930332,363,349,26680.678204836,26144.696274504,false,false,0.000000000000,787191.300000,271875.060000,206550.580000,85408.851239,0,0,unlabeled_neurite,COMPUTATIONAL_SUBTREE_CANDIDATE_NOT_BIOLOGICAL_COMPARTMENT
145,720575940616224414,720575940618898715,761836,268910,212300,720575940616224414,pre,axon_terminal,358,358,1.145802863923,570,68,61,482.693510260,363,349,26167.511330465,25684.817820205,false,false,0.000000000000,787191.300000,271875.060000,206550.580000,85408.851239,0,0,unlabeled_neurite,COMPUTATIONAL_SUBTREE_CANDIDATE_NOT_BIOLOGICAL_COMPARTMENT
146,720575940616224414,720575940618898715,762604,272370,212380,720575940616224414,pre,axon_terminal,358,358,1.145802863923,570,83,82,384.707896833,363,349,25273.749710520,24889.041813687,false,false,0.000000000000,787191.300000,271875.060000,206550.580000,85408.851239,0,0,unlabeled_neurite,COMPUTATIONAL_SUBTREE_CANDIDATE_NOT_BIOLOGICAL_COMPARTMENT
147,720575940616224414,720575940618898715,763402,270026,212320,720575940616224414,pre,axon_terminal,358,358,1.145802863923,570,119,100,142.486777873,363,349,24548.646083033,24406.159305160,false,false,0.000000000000,787191.300000,271875.060000,206550.580000,85408.851239,0,0,unlabeled_neurite,COMPUTATIONAL_SUBTREE_CANDIDATE_NOT_BIOLOGICAL_COMPARTMENT
148,720575940616224414,720575940618898715,763470,271406,215400,720575940616224414,pre,axon_terminal,358,358,1.145802863923,570,114,105,268.251211588,363,349,25322.565535704,25054.314324116,false,false,0.000000000000,787191.300000,271875.060000,206550.580000,85408.851239,0,0,unlabeled_neurite,COMPUTATIONAL_SUBTREE_CANDIDATE_NOT_BIOLOGICAL_COMPARTMENT
149,720575940616224414,720575940618898715,763992,266174,214180,720575940616224414,pre,axon_terminal,358,358,1.145802863923,570,149,134,374.887603204,383,372,24823.951663682,24449.064060478,false,false,1.000000000000,787387.060000,269671.940000,206652.440000,85263.315668,0,6,terminal,COMPUTATIONAL_SUBTREE_CANDIDATE_NOT_BIOLOGICAL_COMPARTMENT
150,720575940616224414,720575940618898715,764146,276968,212340,720575940616224414,pre,axon_terminal,358,358,1.145802863923,570,156,125,342.338239179,331,329,22873.698272907,22531.360033729,false,false,1.000000000000,785678.000000,281180.120000,205871.840000,101883.826859,0,6,terminal,COMPUTATIONAL_SUBTREE_CANDIDATE_NOT_BIOLOGICAL_COMPARTMENT
151,720575940616224414,720575940618898715,764346,273068,214860,720575940616224414,pre,axon_terminal,358,358,1.145802863923,570,107,98,35.703798055,363,349,24338.802326121,24303.098528066,false,false,0.000000000000,787191.300000,271875.060000,206550.580000,85408.851239,0,0,unlabeled_neurite,COMPUTATIONAL_SUBTREE_CANDIDATE_NOT_BIOLOGICAL_COMPARTMENT
152,720575940616224414,720575940618898715,764550,274790,213040,720575940616224414,pre,axon_terminal,358,358,1.145802863923,570,111,122,339.060141044,331,329,23207.941214162,22868.881073118,false,false,1.000000000000,785678.000000,281180.120000,205871.840000,101883.826859,0,6,terminal,COMPUTATIONAL_SUBTREE_CANDIDATE_NOT_BIOLOGICAL_COMPARTMENT
153,720575940616224414,720575940618898715,765242,268942,213860,720575940616224414,pre,axon_terminal,358,358,1.145802863923,570,150,157,430.101181366,383,372,23299.901629852,22869.800448487,false,false,1.000000000000,787387.060000,269671.940000,206652.440000,85263.315668,0,6,terminal,COMPUTATIONAL_SUBTREE_CANDIDATE_NOT_BIOLOGICAL_COMPARTMENT
154,720575940616224414,720575940620807919,760022,274808,214200,720575940616224414,pre,axon_terminal,358,358,1.145802863923,570,47,43,487.214897524,331,329,27716.285795178,27229.070897655,false,false,1.000000000000,785678.000000,281180.120000,205871.840000,101883.826859,0,6,terminal,COMPUTATIONAL_SUBTREE_CANDIDATE_NOT_BIOLOGICAL_COMPARTMENT
155,720575940616224414,720575940620807919,760104,274804,214000,720575940616224414,pre,axon_terminal,358,358,1.145802863923,570,47,43,320.350469606,331,329,27581.721614867,27261.371145261,false,false,1.000000000000,785678.000000,281180.120000,205871.840000,101883.826859,0,6,terminal,COMPUTATIONAL_SUBTREE_CANDIDATE_NOT_BIOLOGICAL_COMPARTMENT
156,720575940616224414,720575940620807919,761672,273872,213800,720575940616224414,pre,axon_terminal,358,358,1.145802863923,570,70,56,360.690793340,331,329,26316.389853473,25955.699060134,false,false,1.000000000000,785678.000000,281180.120000,205871.840000,101883.826859,0,6,terminal,COMPUTATIONAL_SUBTREE_CANDIDATE_NOT_BIOLOGICAL_COMPARTMENT
157,720575940616224414,720575940620807919,762410,273128,213560,720575940616224414,pre,axon_terminal,358,358,1.145802863923,570,77,75,253.968933143,363,349,25784.000020749,25530.031087606,false,false,0.000000000000,787191.300000,271875.060000,206550.580000,85408.851239,0,0,unlabeled_neurite,COMPUTATIONAL_SUBTREE_CANDIDATE_NOT_BIOLOGICAL_COMPARTMENT
158,720575940616224414,720575940620807919,762700,272458,212280,720575940616224414,pre,axon_terminal,358,358,1.145802863923,570,83,82,469.844226228,363,349,25159.289502488,24689.445276260,false,false,0.000000000000,787191.300000,271875.060000,206550.580000,85408.851239,0,0,unlabeled_neurite,COMPUTATIONAL_SUBTREE_CANDIDATE_NOT_BIOLOGICAL_COMPARTMENT
159,720575940616224414,720575940620807919,764028,274390,213400,720575940616224414,pre,axon_terminal,358,358,1.145802863923,570,88,94,373.874717292,331,329,23906.095929700,23532.221212408,false,false,1.000000000000,785678.000000,281180.120000,205871.840000,101883.826859,0,6,terminal,COMPUTATIONAL_SUBTREE_CANDIDATE_NOT_BIOLOGICAL_COMPARTMENT
160,720575940616224414,720575940622883853,763052,273878,212740,720575940616224414,pre,axon_terminal,358,358,1.145802863923,570,64,69,717.790089209,331,329,24747.291857494,24029.501768285,false,false,1.000000000000,785678.000000,281180.120000,205871.840000,101883.826859,0,6,terminal,COMPUTATIONAL_SUBTREE_CANDIDATE_NOT_BIOLOGICAL_COMPARTMENT
161,720575940616224414,720575940622883853,764260,275628,212880,720575940616224414,pre,axon_terminal,358,358,1.145802863923,570,122,131,345.548348646,331,329,23209.288379440,22863.740030794,false,false,1.000000000000,785678.000000,281180.120000,205871.840000,101883.826859,0,6,terminal,COMPUTATIONAL_SUBTREE_CANDIDATE_NOT_BIOLOGICAL_COMPARTMENT
162,720575940616224414,720575940622883853,764344,275838,212940,720575940616224414,pre,axon_terminal,358,358,1.145802863923,570,122,131,409.002682143,331,329,23100.577652518,22691.574970375,false,false,1.000000000000,785678.000000,281180.120000,205871.840000,101883.826859,0,6,terminal,COMPUTATIONAL_SUBTREE_CANDIDATE_NOT_BIOLOGICAL_COMPARTMENT
163,720575940616224414,720575940622883853,764624,276460,212100,720575940616224414,pre,axon_terminal,358,358,1.145802863923,570,154,156,294.184283815,331,329,22457.524925957,22163.340642143,false,false,1.000000000000,785678.000000,281180.120000,205871.840000,101883.826859,0,6,terminal,COMPUTATIONAL_SUBTREE_CANDIDATE_NOT_BIOLOGICAL_COMPARTMENT
164,720575940616224414,720575940622883853,764758,266488,214160,720575940616224414,pre,axon_terminal,358,358,1.145802863923,570,138,149,205.048552435,383,372,24053.591988741,23848.543436306,false,false,1.000000000000,787387.060000,269671.940000,206652.440000,85263.315668,0,6,terminal,COMPUTATIONAL_SUBTREE_CANDIDATE_NOT_BIOLOGICAL_COMPARTMENT
165,720575940616224414,720575940622883853,764844,267402,214500,720575940616224414,pre,axon_terminal,358,358,1.145802863923,570,159,145,299.706128684,383,372,23977.622478486,23677.916349802,false,false,1.000000000000,787387.060000,269671.940000,206652.440000,85263.315668,0,6,terminal,COMPUTATIONAL_SUBTREE_CANDIDATE_NOT_BIOLOGICAL_COMPARTMENT
166,720575940616224414,720575940625247049,760632,275128,213960,720575940616224414,pre,axon_terminal,358,358,1.145802863923,570,47,43,329.648772358,331,329,27006.454870642,26676.806098284,false,false,1.000000000000,785678.000000,281180.120000,205871.840000,101883.826859,0,6,terminal,COMPUTATIONAL_SUBTREE_CANDIDATE_NOT_BIOLOGICAL_COMPARTMENT
167,720575940616224414,720575940625247049,760758,276778,212920,720575940616224414,pre,axon_terminal,358,358,1.145802863923,570,33,42,319.490126883,331,329,26269.023961312,25949.533834429,false,false,1.000000000000,785678.000000,281180.120000,205871.840000,101883.826859,0,6,terminal,COMPUTATIONAL_SUBTREE_CANDIDATE_NOT_BIOLOGICAL_COMPARTMENT
168,720575940616224414,720575940625247049,763566,271734,215200,720575940616224414,pre,axon_terminal,358,358,1.145802863923,570,105,104,333.562130247,363,349,25159.236163882,24825.674033635,false,false,0.000000000000,787191.300000,271875.060000,206550.580000,85408.851239,0,0,unlabeled_neurite,COMPUTATIONAL_SUBTREE_CANDIDATE_NOT_BIOLOGICAL_COMPARTMENT
169,720575940616224414,720575940625247049,763902,270948,214680,720575940616224414,pre,axon_terminal,358,358,1.145802863923,570,135,153,542.684469135,363,349,24684.780822807,24142.096353671,false,false,0.000000000000,787191.300000,271875.060000,206550.580000,85408.851239,0,0,unlabeled_neurite,COMPUTATIONAL_SUBTREE_CANDIDATE_NOT_BIOLOGICAL_COMPARTMENT
170,720575940616224414,720575940625247049,764200,270746,215560,720575940616224414,pre,axon_terminal,358,358,1.145802863923,570,116,114,365.473919316,363,349,24719.310283865,24353.836364549,false,false,0.000000000000,787191.300000,271875.060000,206550.580000,85408.851239,0,0,unlabeled_neurite,COMPUTATIONAL_SUBTREE_CANDIDATE_NOT_BIOLOGICAL_COMPARTMENT
171,720575940616224414,720575940625247049,764468,272442,214980,720575940616224414,pre,axon_terminal,358,358,1.145802863923,570,107,97,295.579740848,363,349,24243.038287104,23947.458546256,false,false,0.000000000000,787191.300000,271875.060000,206550.580000,85408.851239,0,0,unlabeled_neurite,COMPUTATIONAL_SUBTREE_CANDIDATE_NOT_BIOLOGICAL_COMPARTMENT
172,720575940616224414,720575940627756937,764000,266168,214040,720575940616224414,pre,axon_terminal,358,358,1.145802863923,570,149,134,339.242060730,383,372,24775.153152318,24435.911091588,false,false,1.000000000000,787387.060000,269671.940000,206652.440000,85263.315668,0,6,terminal,COMPUTATIONAL_SUBTREE_CANDIDATE_NOT_BIOLOGICAL_COMPARTMENT
173,720575940616224414,720575940627756937,764152,267616,214300,720575940616224414,pre,axon_terminal,358,358,1.145802863923,570,159,144,422.236529520,383,372,24547.506521861,24125.269992341,false,false,1.000000000000,787387.060000,269671.940000,206652.440000,85263.315668,0,6,terminal,COMPUTATIONAL_SUBTREE_CANDIDATE_NOT_BIOLOGICAL_COMPARTMENT
174,720575940616224414,720575940627756937,764268,265992,212560,720575940616224414,pre,axon_terminal,358,358,1.145802863923,570,129,126,477.244997161,383,372,24143.988047562,23666.743050400,false,false,1.000000000000,787387.060000,269671.940000,206652.440000,85263.315668,0,6,terminal,COMPUTATIONAL_SUBTREE_CANDIDATE_NOT_BIOLOGICAL_COMPARTMENT
175,720575940616224414,720575940627756937,764684,266494,214400,720575940616224414,pre,axon_terminal,358,358,1.145802863923,570,138,149,322.619332265,383,372,24198.200800076,23875.581467811,false,false,1.000000000000,787387.060000,269671.940000,206652.440000,85263.315668,0,6,terminal,COMPUTATIONAL_SUBTREE_CANDIDATE_NOT_BIOLOGICAL_COMPARTMENT
176,720575940616224414,720575940627756937,764726,266406,214240,720575940616224414,pre,axon_terminal,358,358,1.145802863923,570,138,149,241.912940454,383,372,24119.723695781,23877.810755326,false,false,1.000000000000,787387.060000,269671.940000,206652.440000,85263.315668,0,6,terminal,COMPUTATIONAL_SUBTREE_CANDIDATE_NOT_BIOLOGICAL_COMPARTMENT
177,720575940616224414,720575940627756937,765366,269462,213980,720575940616224414,pre,axon_terminal,358,358,1.145802863923,570,150,157,573.631087519,363,349,23181.088416854,22607.457329335,false,false,0.000000000000,787191.300000,271875.060000,206550.580000,85408.851239,0,0,unlabeled_neurite,COMPUTATIONAL_SUBTREE_CANDIDATE_NOT_BIOLOGICAL_COMPARTMENT
178,720575940616224414,720575940629384271,759610,275404,213820,720575940616224414,pre,axon_terminal,358,358,1.145802863923,570,43,38,486.685354789,331,329,27858.166372538,27371.481017749,false,false,1.000000000000,785678.000000,281180.120000,205871.840000,101883.826859,0,6,terminal,COMPUTATIONAL_SUBTREE_CANDIDATE_NOT_BIOLOGICAL_COMPARTMENT
179,720575940616224414,720575940629384271,759832,276818,213400,720575940616224414,pre,axon_terminal,358,358,1.145802863923,570,35,31,355.079329260,331,329,27271.175256670,26916.095927409,false,false,1.000000000000,785678.000000,281180.120000,205871.840000,101883.826859,0,6,terminal,COMPUTATIONAL_SUBTREE_CANDIDATE_NOT_BIOLOGICAL_COMPARTMENT
180,720575940616224414,720575940629384271,760948,274632,213720,720575940616224414,pre,axon_terminal,358,358,1.145802863923,570,57,50,175.956051395,331,329,26759.005790948,26583.049739553,false,false,1.000000000000,785678.000000,281180.120000,205871.840000,101883.826859,0,6,terminal,COMPUTATIONAL_SUBTREE_CANDIDATE_NOT_BIOLOGICAL_COMPARTMENT
181,720575940616224414,720575940629384271,763848,274536,213620,720575940616224414,pre,axon_terminal,358,358,1.145802863923,570,69,88,312.391582633,331,329,24098.282386095,23785.890803462,false,false,1.000000000000,785678.000000,281180.120000,205871.840000,101883.826859,0,6,terminal,COMPUTATIONAL_SUBTREE_CANDIDATE_NOT_BIOLOGICAL_COMPARTMENT
182,720575940616224414,720575940629384271,764496,274862,213140,720575940616224414,pre,axon_terminal,358,358,1.145802863923,570,111,122,336.687260908,331,329,23268.474684001,22931.787423093,false,false,1.000000000000,785678.000000,281180.120000,205871.840000,101883.826859,0,6,terminal,COMPUTATIONAL_SUBTREE_CANDIDATE_NOT_BIOLOGICAL_COMPARTMENT
183,720575940616224414,720575940629384271,765302,269374,214180,720575940616224414,pre,axon_terminal,358,358,1.145802863923,570,150,157,441.990571946,363,349,23315.334120488,22873.343548542,false,false,0.000000000000,787191.300000,271875.060000,206550.580000,85408.851239,0,0,unlabeled_neurite,COMPUTATIONAL_SUBTREE_CANDIDATE_NOT_BIOLOGICAL_COMPARTMENT
184,720575940616224414,720575940630475351,759790,275576,213800,720575940616224414,pre,axon_terminal,358,358,1.145802863923,570,38,37,253.948659772,331,329,27648.696641252,27394.747981480,false,false,1.000000000000,785678.000000,281180.120000,205871.840000,101883.826859,0,6,terminal,COMPUTATIONAL_SUBTREE_CANDIDATE_NOT_BIOLOGICAL_COMPARTMENT
185,720575940616224414,720575940630475351,759902,276890,213480,720575940616224414,pre,axon_terminal,358,358,1.145802863923,570,35,31,390.684382723,331,329,27215.646312370,26824.961929646,false,false,1.000000000000,785678.000000,281180.120000,205871.840000,101883.826859,0,6,terminal,COMPUTATIONAL_SUBTREE_CANDIDATE_NOT_BIOLOGICAL_COMPARTMENT
186,720575940616224414,720575940630475351,760018,276514,213160,720575940616224414,pre,axon_terminal,358,358,1.145802863923,570,35,31,267.958564222,331,329,27079.984343422,26812.025779201,false,false,1.000000000000,785678.000000,281180.120000,205871.840000,101883.826859,0,6,terminal,COMPUTATIONAL_SUBTREE_CANDIDATE_NOT_BIOLOGICAL_COMPARTMENT
187,720575940616224414,720575940630475351,760692,276708,212900,720575940616224414,pre,axon_terminal,358,358,1.145802863923,570,31,33,290.338755702,331,329,26338.091925574,26047.753169873,false,false,1.000000000000,785678.000000,281180.120000,205871.840000,101883.826859,0,6,terminal,COMPUTATIONAL_SUBTREE_CANDIDATE_NOT_BIOLOGICAL_COMPARTMENT
188,720575940616224414,720575940630475351,763808,276742,212460,720575940616224414,pre,axon_terminal,358,358,1.145802863923,570,156,125,489.742613840,331,329,23267.953526686,22778.210912846,false,false,1.000000000000,785678.000000,281180.120000,205871.840000,101883.826859,0,6,terminal,COMPUTATIONAL_SUBTREE_CANDIDATE_NOT_BIOLOGICAL_COMPARTMENT
189,720575940616224414,720575940630475351,764022,270792,215660,720575940616224414,pre,axon_terminal,358,358,1.145802863923,570,116,114,315.690585384,363,349,24919.290001724,24603.599416340,false,false,0.000000000000,787191.300000,271875.060000,206550.580000,85408.851239,0,0,unlabeled_neurite,COMPUTATIONAL_SUBTREE_CANDIDATE_NOT_BIOLOGICAL_COMPARTMENT
190,720575940616224414,720575940630475351,764318,271546,214740,720575940616224414,pre,axon_terminal,358,358,1.145802863923,570,135,153,817.278679800,363,349,24297.381202714,23480.102522914,false,false,0.000000000000,787191.300000,271875.060000,206550.580000,85408.851239,0,0,unlabeled_neurite,COMPUTATIONAL_SUBTREE_CANDIDATE_NOT_BIOLOGICAL_COMPARTMENT
191,720575940616224414,720575940630475351,764460,274834,213080,720575940616224414,pre,axon_terminal,358,358,1.145802863923,570,111,122,293.343968069,331,329,23290.219699264,22996.875731195,false,false,1.000000000000,785678.000000,281180.120000,205871.840000,101883.826859,0,6,terminal,COMPUTATIONAL_SUBTREE_CANDIDATE_NOT_BIOLOGICAL_COMPARTMENT
192,720575940616224414,720575940630475351,764516,272496,214960,720575940616224414,pre,axon_terminal,358,358,1.145802863923,570,107,97,304.315663744,363,349,24192.419087599,23888.103423854,false,false,0.000000000000,787191.300000,271875.060000,206550.580000,85408.851239,0,0,unlabeled_neurite,COMPUTATIONAL_SUBTREE_CANDIDATE_NOT_BIOLOGICAL_COMPARTMENT
193,720575940616224414,720575940630475351,765064,269014,214140,720575940616224414,pre,axon_terminal,358,358,1.145802863923,570,150,157,186.587599899,383,372,23554.520745725,23367.933145826,false,false,1.000000000000,787387.060000,269671.940000,206652.440000,85263.315668,0,6,terminal,COMPUTATIONAL_SUBTREE_CANDIDATE_NOT_BIOLOGICAL_COMPARTMENT
194,720575940616224414,720575940630475351,765204,269136,213960,720575940616224414,pre,axon_terminal,358,358,1.145802863923,570,150,157,384.389091344,383,372,23361.845299565,22977.456208221,false,false,1.000000000000,787387.060000,269671.940000,206652.440000,85263.315668,0,6,terminal,COMPUTATIONAL_SUBTREE_CANDIDATE_NOT_BIOLOGICAL_COMPARTMENT
195,720575940616224414,720575940630978602,763538,271672,215240,720575940616224414,pre,axon_terminal,358,358,1.145802863923,570,105,104,320.369754737,363,349,25199.719327604,24879.349572866,false,false,0.000000000000,787191.300000,271875.060000,206550.580000,85408.851239,0,0,unlabeled_neurite,COMPUTATIONAL_SUBTREE_CANDIDATE_NOT_BIOLOGICAL_COMPARTMENT
196,720575940616224414,720575940630978602,763914,270920,215760,720575940616224414,pre,axon_terminal,358,358,1.145802863923,570,116,114,352.352079980,363,349,25051.112782270,24698.760702289,false,false,0.000000000000,787191.300000,271875.060000,206550.580000,85408.851239,0,0,unlabeled_neurite,COMPUTATIONAL_SUBTREE_CANDIDATE_NOT_BIOLOGICAL_COMPARTMENT
197,720575940616224414,720575940630978602,764032,271588,214720,720575940616224414,pre,axon_terminal,358,358,1.145802863923,570,105,104,796.188787928,363,349,24559.621395087,23763.432607159,false,false,0.000000000000,787191.300000,271875.060000,206550.580000,85408.851239,0,0,unlabeled_neurite,COMPUTATIONAL_SUBTREE_CANDIDATE_NOT_BIOLOGICAL_COMPARTMENT
198,720575940616224414,720575940630978602,764186,270936,215640,720575940616224414,pre,axon_terminal,358,358,1.145802863923,570,116,114,341.434130836,363,349,24753.650593599,24412.216462763,false,false,0.000000000000,787191.300000,271875.060000,206550.580000,85408.851239,0,0,unlabeled_neurite,COMPUTATIONAL_SUBTREE_CANDIDATE_NOT_BIOLOGICAL_COMPARTMENT
199,720575940616224414,720575940630978602,764240,276998,212240,720575940616224414,pre,axon_terminal,358,358,1.145802863923,570,156,125,321.052315378,331,329,22751.514971096,22430.462655718,false,false,1.000000000000,785678.000000,281180.120000,205871.840000,101883.826859,0,6,terminal,COMPUTATIONAL_SUBTREE_CANDIDATE_NOT_BIOLOGICAL_COMPARTMENT
200,720575940616224414,720575940634050073,760776,268854,213200,720575940616224414,pre,axon_terminal,358,358,1.145802863923,570,48,39,285.030797108,363,349,27406.379986237,27121.349189129,false,false,0.000000000000,787191.300000,271875.060000,206550.580000,85408.851239,0,0,unlabeled_neurite,COMPUTATIONAL_SUBTREE_CANDIDATE_NOT_BIOLOGICAL_COMPARTMENT
201,720575940616224414,720575940634050073,761870,268860,212480,720575940616224414,pre,axon_terminal,358,358,1.145802863923,570,68,61,409.930078301,363,349,26180.466803134,25770.536724833,false,false,0.000000000000,787191.300000,271875.060000,206550.580000,85408.851239,0,0,unlabeled_neurite,COMPUTATIONAL_SUBTREE_CANDIDATE_NOT_BIOLOGICAL_COMPARTMENT
202,720575940616224414,720575940634050073,763990,270850,214720,720575940616224414,pre,axon_terminal,358,358,1.145802863923,570,135,153,473.671450206,363,349,24618.905191539,24145.233741333,false,false,0.000000000000,787191.300000,271875.060000,206550.580000,85408.851239,0,0,unlabeled_neurite,COMPUTATIONAL_SUBTREE_CANDIDATE_NOT_BIOLOGICAL_COMPARTMENT
203,720575940616224414,720575940634050073,764080,270752,215620,720575940616224414,pre,axon_terminal,358,358,1.145802863923,570,116,114,327.316949912,363,349,24852.521614315,24525.204664403,false,false,0.000000000000,787191.300000,271875.060000,206550.580000,85408.851239,0,0,unlabeled_neurite,COMPUTATIONAL_SUBTREE_CANDIDATE_NOT_BIOLOGICAL_COMPARTMENT
204,720575940616224414,720575940634050073,764364,265852,212400,720575940616224414,pre,axon_terminal,358,358,1.145802863923,570,132,140,384.917926672,383,372,24035.134268832,23650.216342161,false,false,1.000000000000,787387.060000,269671.940000,206652.440000,85263.315668,0,6,terminal,COMPUTATIONAL_SUBTREE_CANDIDATE_NOT_BIOLOGICAL_COMPARTMENT
205,720575940616224414,720575940634050073,764486,270226,214160,720575940616224414,pre,axon_terminal,358,358,1.145802863923,570,160,151,390.599568356,363,349,24003.193948098,23612.594379742,false,false,0.000000000000,787191.300000,271875.060000,206550.580000,85408.851239,0,0,unlabeled_neurite,COMPUTATIONAL_SUBTREE_CANDIDATE_NOT_BIOLOGICAL_COMPARTMENT
206,720575940616224414,720575940634675819,760276,276996,212500,720575940616224414,pre,axon_terminal,358,358,1.145802863923,570,33,41,356.829948396,331,329,26583.847899806,26227.017951410,false,false,1.000000000000,785678.000000,281180.120000,205871.840000,101883.826859,0,6,terminal,COMPUTATIONAL_SUBTREE_CANDIDATE_NOT_BIOLOGICAL_COMPARTMENT
207,720575940616224414,720575940634675819,763328,269874,212320,720575940616224414,pre,axon_terminal,358,358,1.145802863923,570,119,100,137.475469892,363,349,24632.245840564,24494.770370673,false,false,0.000000000000,787191.300000,271875.060000,206550.580000,85408.851239,0,0,unlabeled_neurite,COMPUTATIONAL_SUBTREE_CANDIDATE_NOT_BIOLOGICAL_COMPARTMENT
208,720575940616224414,720575940634675819,764016,274434,213480,720575940616224414,pre,axon_terminal,358,358,1.145802863923,570,88,94,368.593150925,331,329,23929.824020247,23561.230869322,false,false,1.000000000000,785678.000000,281180.120000,205871.840000,101883.826859,0,6,terminal,COMPUTATIONAL_SUBTREE_CANDIDATE_NOT_BIOLOGICAL_COMPARTMENT
209,720575940616224414,720575940634675819,764114,274808,213360,720575940616224414,pre,axon_terminal,358,358,1.145802863923,570,88,94,322.194736555,331,329,23699.842815513,23377.648078957,false,false,1.000000000000,785678.000000,281180.120000,205871.840000,101883.826859,0,6,terminal,COMPUTATIONAL_SUBTREE_CANDIDATE_NOT_BIOLOGICAL_COMPARTMENT
210,720575940616224414,720575940634675819,764526,276570,212320,720575940616224414,pre,axon_terminal,358,358,1.145802863923,570,154,156,167.406081923,331,329,22588.472232535,22421.066150612,false,false,1.000000000000,785678.000000,281180.120000,205871.840000,101883.826859,0,6,terminal,COMPUTATIONAL_SUBTREE_CANDIDATE_NOT_BIOLOGICAL_COMPARTMENT
211,720575940616224414,720575940634675819,764588,276052,212280,720575940616224414,pre,axon_terminal,358,358,1.145802863923,570,139,154,199.690075448,331,329,22630.736384837,22431.046309390,false,false,1.000000000000,785678.000000,281180.120000,205871.840000,101883.826859,0,6,terminal,COMPUTATIONAL_SUBTREE_CANDIDATE_NOT_BIOLOGICAL_COMPARTMENT
212,720575940616224414,720575940634675819,764660,274794,212940,720575940616224414,pre,axon_terminal,358,358,1.145802863923,570,111,121,354.459214190,331,329,23075.912515868,22721.453301678,false,false,1.000000000000,785678.000000,281180.120000,205871.840000,101883.826859,0,6,terminal,COMPUTATIONAL_SUBTREE_CANDIDATE_NOT_BIOLOGICAL_COMPARTMENT
213,720575940616224414,720575940644651812,759796,276624,213240,720575940616224414,pre,axon_terminal,358,358,1.145802863923,570,35,31,308.524525384,331,329,27293.331332763,26984.806807379,false,false,1.000000000000,785678.000000,281180.120000,205871.840000,101883.826859,0,6,terminal,COMPUTATIONAL_SUBTREE_CANDIDATE_NOT_BIOLOGICAL_COMPARTMENT
214,720575940616224414,720575940644651812,762426,273158,213620,720575940616224414,pre,axon_terminal,358,358,1.145802863923,570,77,75,278.212134818,363,349,25786.483247430,25508.271112613,false,false,0.000000000000,787191.300000,271875.060000,206550.580000,85408.851239,0,0,unlabeled_neurite,COMPUTATIONAL_SUBTREE_CANDIDATE_NOT_BIOLOGICAL_COMPARTMENT
215,720575940616224414,720575940644651812,762504,272996,213500,720575940616224414,pre,axon_terminal,358,358,1.145802863923,570,77,75,220.700556184,363,349,25671.262651261,25450.562095076,false,false,0.000000000000,787191.300000,271875.060000,206550.580000,85408.851239,0,0,unlabeled_neurite,COMPUTATIONAL_SUBTREE_CANDIDATE_NOT_BIOLOGICAL_COMPARTMENT
216,720575940616224414,720575940644651812,762730,277740,211660,720575940616224414,pre,axon_terminal,358,358,1.145802863923,570,91,85,280.681439440,331,329,23915.432795582,23634.751356142,false,false,1.000000000000,785678.000000,281180.120000,205871.840000,101883.826859,0,6,terminal,COMPUTATIONAL_SUBTREE_CANDIDATE_NOT_BIOLOGICAL_COMPARTMENT
217,720575940616224414,720575940644651812,762756,272356,213140,720575940616224414,pre,axon_terminal,358,358,1.145802863923,570,82,77,350.489103309,363,349,25312.756572724,24962.267469416,false,false,0.000000000000,787191.300000,271875.060000,206550.580000,85408.851239,0,0,unlabeled_neurite,COMPUTATIONAL_SUBTREE_CANDIDATE_NOT_BIOLOGICAL_COMPARTMENT
218,720575940616224414,720575940644651812,762992,274838,213320,720575940616224414,pre,axon_terminal,358,358,1.145802863923,570,64,69,582.699137200,331,329,24705.306504474,24122.607367274,false,false,1.000000000000,785678.000000,281180.120000,205871.840000,101883.826859,0,6,terminal,COMPUTATIONAL_SUBTREE_CANDIDATE_NOT_BIOLOGICAL_COMPARTMENT
219,720575940616224414,720575940644651812,763180,273908,212680,720575940616224414,pre,axon_terminal,358,358,1.145802863923,570,64,69,770.601750438,331,329,24604.771404750,23834.169654312,false,false,1.000000000000,785678.000000,281180.120000,205871.840000,101883.826859,0,6,terminal,COMPUTATIONAL_SUBTREE_CANDIDATE_NOT_BIOLOGICAL_COMPARTMENT
220,720575940616224414,720575940644651812,763484,271328,215380,720575940616224414,pre,axon_terminal,358,358,1.145802863923,570,114,106,216.207450299,363,349,25304.031407466,25087.823957166,false,false,0.000000000000,787191.300000,271875.060000,206550.580000,85408.851239,0,0,unlabeled_neurite,COMPUTATIONAL_SUBTREE_CANDIDATE_NOT_BIOLOGICAL_COMPARTMENT
221,720575940616224414,720575940644651812,763942,265998,213600,720575940616224414,pre,axon_terminal,358,358,1.145802863923,570,134,129,354.984186047,383,372,24727.257500192,24372.273314145,false,false,1.000000000000,787387.060000,269671.940000,206652.440000,85263.315668,0,6,terminal,COMPUTATIONAL_SUBTREE_CANDIDATE_NOT_BIOLOGICAL_COMPARTMENT
222,720575940616224414,720575940644651812,764032,276960,212400,720575940616224414,pre,axon_terminal,358,358,1.145802863923,570,156,125,398.607737154,331,329,22999.469598232,22600.861861078,false,false,1.000000000000,785678.000000,281180.120000,205871.840000,101883.826859,0,6,terminal,COMPUTATIONAL_SUBTREE_CANDIDATE_NOT_BIOLOGICAL_COMPARTMENT
223,720575940616224414,720575940644651812,764068,266250,214060,720575940616224414,pre,axon_terminal,358,358,1.145802863923,570,149,134,300.069270043,383,372,24705.468580879,24405.399310836,false,false,1.000000000000,787387.060000,269671.940000,206652.440000,85263.315668,0,6,terminal,COMPUTATIONAL_SUBTREE_CANDIDATE_NOT_BIOLOGICAL_COMPARTMENT
224,720575940616224414,720575940644651812,764074,274890,213300,720575940616224414,pre,axon_terminal,358,358,1.145802863923,570,88,94,294.763314487,331,329,23695.484519207,23400.721204720,false,false,1.000000000000,785678.000000,281180.120000,205871.840000,101883.826859,0,6,terminal,COMPUTATIONAL_SUBTREE_CANDIDATE_NOT_BIOLOGICAL_COMPARTMENT
225,720575940616224414,720575940644651812,764734,267672,214580,720575940616224414,pre,axon_terminal,358,358,1.145802863923,570,159,144,248.939611151,383,372,24083.336457410,23834.396846259,false,false,1.000000000000,787387.060000,269671.940000,206652.440000,85263.315668,0,6,terminal,COMPUTATIONAL_SUBTREE_CANDIDATE_NOT_BIOLOGICAL_COMPARTMENT
226,720575940616224414,720575940644651812,765362,269344,214000,720575940616224414,pre,axon_terminal,358,358,1.145802863923,570,150,157,542.358504102,363,349,23203.845835335,22661.487331233,false,false,0.000000000000,787191.300000,271875.060000,206550.580000,85408.851239,0,0,unlabeled_neurite,COMPUTATIONAL_SUBTREE_CANDIDATE_NOT_BIOLOGICAL_COMPARTMENT
227,720575940617782941,720575940608552405,718746,243112,226400,720575940617782941,pre,axon_terminal,323,323,1.292496110721,362,401,393,131.913087802,235,224,23791.085226792,23659.172138990,false,false,0.000000000000,712953.250000,223324.340000,214529.520000,64716.973492,0,6,terminal,COMPUTATIONAL_SUBTREE_CANDIDATE_NOT_BIOLOGICAL_COMPARTMENT
228,720575940617782941,720575940608552405,719130,241696,227200,720575940617782941,pre,axon_terminal,323,323,1.292496110721,362,395,398,627.574790890,235,224,23156.234476885,22528.659685996,false,false,0.000000000000,712953.250000,223324.340000,214529.520000,64716.973492,0,6,terminal,COMPUTATIONAL_SUBTREE_CANDIDATE_NOT_BIOLOGICAL_COMPARTMENT
229,720575940617782941,720575940608552405,719438,241146,227260,720575940617782941,pre,axon_terminal,323,323,1.292496110721,362,396,395,439.472259118,235,224,22841.380622644,22401.908363526,false,false,0.000000000000,712953.250000,223324.340000,214529.520000,64716.973492,0,6,terminal,COMPUTATIONAL_SUBTREE_CANDIDATE_NOT_BIOLOGICAL_COMPARTMENT
230,720575940617782941,720575940608552405,719542,243704,226460,720575940617782941,pre,axon_terminal,323,323,1.292496110721,362,406,401,484.055445520,235,224,24516.902767448,24032.847321928,false,false,0.000000000000,712953.250000,223324.340000,214529.520000,64716.973492,0,6,terminal,COMPUTATIONAL_SUBTREE_CANDIDATE_NOT_BIOLOGICAL_COMPARTMENT
231,720575940617782941,720575940608552405,720074,238668,227800,720575940617782941,pre,axon_terminal,323,323,1.292496110721,362,413,410,116.933094546,235,224,21499.735398104,21382.802303559,false,false,0.000000000000,712953.250000,223324.340000,214529.520000,64716.973492,0,6,terminal,COMPUTATIONAL_SUBTREE_CANDIDATE_NOT_BIOLOGICAL_COMPARTMENT
232,720575940617782941,720575940608552405,720118,243266,227000,720575940617782941,pre,axon_terminal,323,323,1.292496110721,362,405,407,216.713935590,235,224,24586.913542543,24370.199606953,false,false,0.000000000000,712953.250000,223324.340000,214529.520000,64716.973492,0,6,terminal,COMPUTATIONAL_SUBTREE_CANDIDATE_NOT_BIOLOGICAL_COMPARTMENT
233,720575940617782941,720575940608552405,720442,243398,227160,720575940617782941,pre,axon_terminal,323,323,1.292496110721,362,405,407,458.237115119,235,224,24870.911269765,24412.674154646,false,false,0.000000000000,712953.250000,223324.340000,214529.520000,64716.973492,0,6,terminal,COMPUTATIONAL_SUBTREE_CANDIDATE_NOT_BIOLOGICAL_COMPARTMENT
234,720575940617782941,720575940608552405,720538,241788,226960,720575940617782941,pre,axon_terminal,323,323,1.292496110721,362,398,399,832.076123681,235,224,23514.931558236,22682.855434555,false,false,0.000000000000,712953.250000,223324.340000,214529.520000,64716.973492,0,6,terminal,COMPUTATIONAL_SUBTREE_CANDIDATE_NOT_BIOLOGICAL_COMPARTMENT
235,720575940617782941,720575940608552405,721016,237308,226480,720575940617782941,pre,axon_terminal,323,323,1.292496110721,362,422,421,479.194818837,235,224,20083.940270487,19604.745451650,false,false,0.000000000000,712953.250000,223324.340000,214529.520000,64716.973492,0,6,terminal,COMPUTATIONAL_SUBTREE_CANDIDATE_NOT_BIOLOGICAL_COMPARTMENT
236,720575940617782941,720575940608552405,722394,231468,226400,720575940617782941,pre,axon_terminal,323,323,1.292496110721,362,480,484,741.184532646,235,224,17214.971803303,16473.787270656,false,false,0.000000000000,712953.250000,223324.340000,214529.520000,64716.973492,0,6,terminal,COMPUTATIONAL_SUBTREE_CANDIDATE_NOT_BIOLOGICAL_COMPARTMENT
237,720575940617782941,720575940608552405,723032,228028,225580,720575940617782941,pre,axon_terminal,323,323,1.292496110721,362,466,473,589.706675841,246,235,15649.629030782,15059.922354941,false,false,0.000000000000,712975.750000,222824.750000,214776.810000,64159.076761,0,0,unlabeled_neurite,COMPUTATIONAL_SUBTREE_CANDIDATE_NOT_BIOLOGICAL_COMPARTMENT
238,720575940617782941,720575940611007534,721516,225180,226320,720575940617782941,pre,axon_terminal,323,323,1.292496110721,362,441,432,646.774872115,246,235,14550.886845863,13904.111973747,false,false,0.000000000000,712975.750000,222824.750000,214776.810000,64159.076761,0,0,unlabeled_neurite,COMPUTATIONAL_SUBTREE_CANDIDATE_NOT_BIOLOGICAL_COMPARTMENT
239,720575940617782941,720575940611007534,722278,231582,226400,720575940617782941,pre,axon_terminal,323,323,1.292496110721,362,480,484,722.339266740,235,224,17206.051454895,16483.712188155,false,false,0.000000000000,712953.250000,223324.340000,214529.520000,64716.973492,0,6,terminal,COMPUTATIONAL_SUBTREE_CANDIDATE_NOT_BIOLOGICAL_COMPARTMENT
240,720575940617782941,720575940611007534,722462,231148,226340,720575940617782941,pre,axon_terminal,323,323,1.292496110721,362,482,480,766.630819836,235,224,17062.046189965,16295.415370130,false,false,0.000000000000,712953.250000,223324.340000,214529.520000,64716.973492,0,6,terminal,COMPUTATIONAL_SUBTREE_CANDIDATE_NOT_BIOLOGICAL_COMPARTMENT
241,720575940617782941,720575940611007534,722492,226328,224940,720575940617782941,pre,axon_terminal,323,323,1.292496110721,362,438,464,236.257842322,246,235,14356.956697055,14120.698854732,false,false,0.000000000000,712975.750000,222824.750000,214776.810000,64159.076761,0,0,unlabeled_neurite,COMPUTATIONAL_SUBTREE_CANDIDATE_NOT_BIOLOGICAL_COMPARTMENT
242,720575940617782941,720575940611007534,722872,228118,225320,720575940617782941,pre,axon_terminal,323,323,1.292496110721,362,466,473,535.140784244,246,235,15398.477684534,14863.336900290,false,false,0.000000000000,712975.750000,222824.750000,214776.810000,64159.076761,0,0,unlabeled_neurite,COMPUTATIONAL_SUBTREE_CANDIDATE_NOT_BIOLOGICAL_COMPARTMENT
243,720575940617782941,720575940614324130,720090,237292,226460,720575940617782941,pre,axon_terminal,323,323,1.292496110721,362,418,415,479.667028260,235,224,19706.980475672,19227.313447411,false,false,0.000000000000,712953.250000,223324.340000,214529.520000,64716.973492,0,6,terminal,COMPUTATIONAL_SUBTREE_CANDIDATE_NOT_BIOLOGICAL_COMPARTMENT
244,720575940617782941,720575940614324130,720296,237048,226160,720575940617782941,pre,axon_terminal,323,323,1.292496110721,362,423,422,541.209455033,235,224,19429.948182857,18888.738727824,false,false,0.000000000000,712953.250000,223324.340000,214529.520000,64716.973492,0,6,terminal,COMPUTATIONAL_SUBTREE_CANDIDATE_NOT_BIOLOGICAL_COMPARTMENT
245,720575940617782941,720575940614324130,722428,231262,226400,720575940617782941,pre,axon_terminal,323,323,1.292496110721,362,482,480,801.513492601,235,224,17137.258510873,16335.745018272,false,false,0.000000000000,712953.250000,223324.340000,214529.520000,64716.973492,0,6,terminal,COMPUTATIONAL_SUBTREE_CANDIDATE_NOT_BIOLOGICAL_COMPARTMENT
246,720575940617782941,720575940614324130,722532,230998,226140,720575940617782941,pre,axon_terminal,323,323,1.292496110721,362,482,480,611.976954392,235,224,16894.992015047,16283.015060655,false,false,0.000000000000,712953.250000,223324.340000,214529.520000,64716.973492,0,6,terminal,COMPUTATIONAL_SUBTREE_CANDIDATE_NOT_BIOLOGICAL_COMPARTMENT
247,720575940617782941,720575940614324130,722542,231100,226260,720575940617782941,pre,axon_terminal,323,323,1.292496110721,362,482,480,700.825520164,235,224,17029.655781269,16328.830261105,false,false,0.000000000000,712953.250000,223324.340000,214529.520000,64716.973492,0,6,terminal,COMPUTATIONAL_SUBTREE_CANDIDATE_NOT_BIOLOGICAL_COMPARTMENT
248,720575940617782941,720575940616358722,718764,243210,226240,720575940617782941,pre,axon_terminal,323,323,1.292496110721,362,401,393,253.833826473,235,224,23797.891314747,23544.057488274,false,false,0.000000000000,712953.250000,223324.340000,214529.520000,64716.973492,0,6,terminal,COMPUTATIONAL_SUBTREE_CANDIDATE_NOT_BIOLOGICAL_COMPARTMENT
249,720575940617782941,720575940616358722,718830,242992,226480,720575940617782941,pre,axon_terminal,323,323,1.292496110721,362,401,393,209.449980902,235,224,23752.200164795,23542.750183893,false,false,0.000000000000,712953.250000,223324.340000,214529.520000,64716.973492,0,6,terminal,COMPUTATIONAL_SUBTREE_CANDIDATE_NOT_BIOLOGICAL_COMPARTMENT
250,720575940617782941,720575940616358722,719134,242792,226280,720575940617782941,pre,axon_terminal,323,323,1.292496110721,362,406,401,577.491894724,235,224,23564.066641149,22986.574746425,false,false,0.000000000000,712953.250000,223324.340000,214529.520000,64716.973492,0,6,terminal,COMPUTATIONAL_SUBTREE_CANDIDATE_NOT_BIOLOGICAL_COMPARTMENT
251,720575940617782941,720575940616358722,720544,239408,227820,720575940617782941,pre,axon_terminal,323,323,1.292496110721,362,413,410,377.081685978,235,224,22202.262569128,21825.180883150,false,false,0.000000000000,712953.250000,223324.340000,214529.520000,64716.973492,0,6,terminal,COMPUTATIONAL_SUBTREE_CANDIDATE_NOT_BIOLOGICAL_COMPARTMENT
252,720575940617782941,720575940616358722,720746,236086,225940,720575940617782941,pre,axon_terminal,323,323,1.292496110721,362,431,429,369.713952522,235,224,18809.199141604,18439.485189082,false,false,0.000000000000,712953.250000,223324.340000,214529.520000,64716.973492,0,6,terminal,COMPUTATIONAL_SUBTREE_CANDIDATE_NOT_BIOLOGICAL_COMPARTMENT
253,720575940617782941,720575940616358722,720968,237310,226580,720575940617782941,pre,axon_terminal,323,323,1.292496110721,362,422,421,431.734263639,235,224,20125.828465643,19694.094202004,false,false,0.000000000000,712953.250000,223324.340000,214529.520000,64716.973492,0,6,terminal,COMPUTATIONAL_SUBTREE_CANDIDATE_NOT_BIOLOGICAL_COMPARTMENT
254,720575940617782941,720575940616358722,721412,229862,225860,720575940617782941,pre,axon_terminal,323,323,1.292496110721,362,434,426,203.586035368,235,224,15577.908295676,15374.322260308,false,false,0.000000000000,712953.250000,223324.340000,214529.520000,64716.973492,0,6,terminal,COMPUTATIONAL_SUBTREE_CANDIDATE_NOT_BIOLOGICAL_COMPARTMENT
255,720575940617782941,720575940616358722,721580,225128,226140,720575940617782941,pre,axon_terminal,323,323,1.292496110721,362,441,432,697.769571707,246,235,14438.149659880,13740.380088173,false,false,0.000000000000,712975.750000,222824.750000,214776.810000,64159.076761,0,0,unlabeled_neurite,COMPUTATIONAL_SUBTREE_CANDIDATE_NOT_BIOLOGICAL_COMPARTMENT
256,720575940617782941,720575940616358722,721642,235706,226220,720575940617782941,pre,axon_terminal,323,323,1.292496110721,362,431,429,391.342174109,235,224,19117.196539987,18725.854365878,false,false,0.000000000000,712953.250000,223324.340000,214529.520000,64716.973492,0,6,terminal,COMPUTATIONAL_SUBTREE_CANDIDATE_NOT_BIOLOGICAL_COMPARTMENT
257,720575940617782941,720575940616358722,721826,235054,226400,720575940617782941,pre,axon_terminal,323,323,1.292496110721,362,437,431,579.746423189,235,224,18900.235758014,18320.489334825,false,false,0.000000000000,712953.250000,223324.340000,214529.520000,64716.973492,0,6,terminal,COMPUTATIONAL_SUBTREE_CANDIDATE_NOT_BIOLOGICAL_COMPARTMENT
258,720575940617782941,720575940616358722,721870,226204,224900,720575940617782941,pre,axon_terminal,323,323,1.292496110721,362,438,464,411.584553013,246,235,13892.659551040,13481.074998026,false,false,0.000000000000,712975.750000,222824.750000,214776.810000,64159.076761,0,0,unlabeled_neurite,COMPUTATIONAL_SUBTREE_CANDIDATE_NOT_BIOLOGICAL_COMPARTMENT
259,720575940617782941,720575940616358722,722090,228184,226060,720575940617782941,pre,axon_terminal,323,323,1.292496110721,362,473,486,521.795847122,246,235,15462.906913032,14941.111065910,false,false,0.000000000000,712975.750000,222824.750000,214776.810000,64159.076761,0,0,unlabeled_neurite,COMPUTATIONAL_SUBTREE_CANDIDATE_NOT_BIOLOGICAL_COMPARTMENT
260,720575940617782941,720575940616358722,722162,226712,224640,720575940617782941,pre,axon_terminal,323,323,1.292496110721,362,464,457,414.108453254,246,235,14027.844403225,13613.735949972,false,false,0.000000000000,712975.750000,222824.750000,214776.810000,64159.076761,0,0,unlabeled_neurite,COMPUTATIONAL_SUBTREE_CANDIDATE_NOT_BIOLOGICAL_COMPARTMENT
261,720575940617782941,720575940616358722,722476,226446,224960,720575940617782941,pre,axon_terminal,323,323,1.292496110721,362,438,464,223.963731891,246,235,14389.772764054,14165.809032162,false,false,0.000000000000,712975.750000,222824.750000,214776.810000,64159.076761,0,0,unlabeled_neurite,COMPUTATIONAL_SUBTREE_CANDIDATE_NOT_BIOLOGICAL_COMPARTMENT
262,720575940617782941,720575940616358722,722564,231284,226340,720575940617782941,pre,axon_terminal,323,323,1.292496110721,362,482,480,730.768832984,235,224,17181.680380816,16450.911547832,false,false,0.000000000000,712953.250000,223324.340000,214529.520000,64716.973492,0,6,terminal,COMPUTATIONAL_SUBTREE_CANDIDATE_NOT_BIOLOGICAL_COMPARTMENT
263,720575940617782941,720575940616358722,722604,230190,224900,720575940617782941,pre,axon_terminal,323,323,1.292496110721,362,435,471,365.996344437,235,224,15742.335221577,15376.338877140,false,false,0.000000000000,712953.250000,223324.340000,214529.520000,64716.973492,0,6,terminal,COMPUTATIONAL_SUBTREE_CANDIDATE_NOT_BIOLOGICAL_COMPARTMENT
264,720575940617782941,720575940616358722,722682,230314,224960,720575940617782941,pre,axon_terminal,323,323,1.292496110721,362,435,471,388.189140017,235,224,15883.917542864,15495.728402847,false,false,0.000000000000,712953.250000,223324.340000,214529.520000,64716.973492,0,6,terminal,COMPUTATIONAL_SUBTREE_CANDIDATE_NOT_BIOLOGICAL_COMPARTMENT
265,720575940617782941,720575940616358722,722698,231252,226120,720575940617782941,pre,axon_terminal,323,323,1.292496110721,362,482,480,552.904294509,235,224,17092.313250947,16539.408956438,false,false,0.000000000000,712953.250000,223324.340000,214529.520000,64716.973492,0,6,terminal,COMPUTATIONAL_SUBTREE_CANDIDATE_NOT_BIOLOGICAL_COMPARTMENT
266,720575940617782941,720575940616690482,720420,243582,227360,720575940617782941,pre,axon_terminal,323,323,1.292496110721,362,405,407,539.345161751,235,224,25114.664267485,24575.319105734,false,false,0.000000000000,712953.250000,223324.340000,214529.520000,64716.973492,0,6,terminal,COMPUTATIONAL_SUBTREE_CANDIDATE_NOT_BIOLOGICAL_COMPARTMENT
267,720575940617782941,720575940616690482,720430,237582,227020,720575940617782941,pre,axon_terminal,323,323,1.292496110721,362,418,416,201.458427801,235,224,20376.328174342,20174.869746541,false,false,0.000000000000,712953.250000,223324.340000,214529.520000,64716.973492,0,6,terminal,COMPUTATIONAL_SUBTREE_CANDIDATE_NOT_BIOLOGICAL_COMPARTMENT
268,720575940617782941,720575940616690482,722384,231596,226400,720575940617782941,pre,axon_terminal,323,323,1.292496110721,362,480,484,702.890866097,235,224,17270.428487692,16567.537621596,false,false,0.000000000000,712953.250000,223324.340000,214529.520000,64716.973492,0,6,terminal,COMPUTATIONAL_SUBTREE_CANDIDATE_NOT_BIOLOGICAL_COMPARTMENT
269,720575940617782941,720575940616690482,722392,232880,225640,720575940617782941,pre,axon_terminal,323,323,1.292496110721,362,485,460,155.924574952,235,224,17431.104538396,17275.179963445,false,false,0.000000000000,712953.250000,223324.340000,214529.520000,64716.973492,0,6,terminal,COMPUTATIONAL_SUBTREE_CANDIDATE_NOT_BIOLOGICAL_COMPARTMENT
270,720575940617782941,720575940616690482,722642,231140,226260,720575940617782941,pre,axon_terminal,323,323,1.292496110721,362,482,480,701.782632857,235,224,17104.402323042,16402.619690185,false,false,0.000000000000,712953.250000,223324.340000,214529.520000,64716.973492,0,6,terminal,COMPUTATIONAL_SUBTREE_CANDIDATE_NOT_BIOLOGICAL_COMPARTMENT
271,720575940617782941,720575940616690482,722958,228080,225420,720575940617782941,pre,axon_terminal,323,323,1.292496110721,362,466,473,556.926332317,246,235,15509.366879441,14952.440547124,false,false,0.000000000000,712975.750000,222824.750000,214776.810000,64159.076761,0,0,unlabeled_neurite,COMPUTATIONAL_SUBTREE_CANDIDATE_NOT_BIOLOGICAL_COMPARTMENT
272,720575940617782941,720575940633448479,718712,243168,226480,720575940617782941,pre,axon_terminal,323,323,1.292496110721,362,401,393,34.708104478,235,224,23869.394964860,23834.686860383,false,false,0.000000000000,712953.250000,223324.340000,214529.520000,64716.973492,0,6,terminal,COMPUTATIONAL_SUBTREE_CANDIDATE_NOT_BIOLOGICAL_COMPARTMENT
273,720575940617782941,720575940633448479,720186,242508,227900,720575940617782941,pre,axon_terminal,323,323,1.292496110721,362,404,405,493.087184291,235,224,24476.421694939,23983.334510648,false,false,0.000000000000,712953.250000,223324.340000,214529.520000,64716.973492,0,6,terminal,COMPUTATIONAL_SUBTREE_CANDIDATE_NOT_BIOLOGICAL_COMPARTMENT
274,720575940617782941,720575940633448479,720434,236796,226100,720575940617782941,pre,axon_terminal,323,323,1.292496110721,362,423,422,434.797163517,235,224,19269.749638968,18834.952475451,false,false,0.000000000000,712953.250000,223324.340000,214529.520000,64716.973492,0,6,terminal,COMPUTATIONAL_SUBTREE_CANDIDATE_NOT_BIOLOGICAL_COMPARTMENT
275,720575940617782941,720575940633448479,720726,236210,225660,720575940617782941,pre,axon_terminal,323,323,1.292496110721,362,429,423,448.155277555,235,224,18717.464070448,18269.308792893,false,false,0.000000000000,712953.250000,223324.340000,214529.520000,64716.973492,0,6,terminal,COMPUTATIONAL_SUBTREE_CANDIDATE_NOT_BIOLOGICAL_COMPARTMENT
276,720575940617782941,720575940633448479,722548,230250,224880,720575940617782941,pre,axon_terminal,323,323,1.292496110721,362,435,471,364.481445038,235,224,15721.209566331,15356.728121293,false,false,0.000000000000,712953.250000,223324.340000,214529.520000,64716.973492,0,6,terminal,COMPUTATIONAL_SUBTREE_CANDIDATE_NOT_BIOLOGICAL_COMPARTMENT
277,720575940617782941,720575940633572004,719062,241616,227180,720575940617782941,pre,axon_terminal,323,323,1.292496110721,362,395,398,676.073961731,235,224,23063.744196216,22387.670234485,false,false,0.000000000000,712953.250000,223324.340000,214529.520000,64716.973492,0,6,terminal,COMPUTATIONAL_SUBTREE_CANDIDATE_NOT_BIOLOGICAL_COMPARTMENT
278,720575940617782941,720575940633572004,719488,243778,226660,720575940617782941,pre,axon_terminal,323,323,1.292496110721,362,406,401,364.301747622,235,224,24661.786431410,24297.484683789,false,false,0.000000000000,712953.250000,223324.340000,214529.520000,64716.973492,0,6,terminal,COMPUTATIONAL_SUBTREE_CANDIDATE_NOT_BIOLOGICAL_COMPARTMENT
279,720575940617782941,720575940633572004,720970,237348,226480,720575940617782941,pre,axon_terminal,323,323,1.292496110721,362,422,421,471.630018553,235,224,20093.414159582,19621.784141030,false,false,0.000000000000,712953.250000,223324.340000,214529.520000,64716.973492,0,6,terminal,COMPUTATIONAL_SUBTREE_CANDIDATE_NOT_BIOLOGICAL_COMPARTMENT
280,720575940617782941,720575940633572004,721376,229778,225860,720575940617782941,pre,axon_terminal,323,323,1.292496110721,362,434,426,267.168514612,235,224,15523.280000970,15256.111486357,false,false,0.000000000000,712953.250000,223324.340000,214529.520000,64716.973492,0,6,terminal,COMPUTATIONAL_SUBTREE_CANDIDATE_NOT_BIOLOGICAL_COMPARTMENT
281,720575940617782941,720575940633572004,721900,226398,226980,720575940617782941,pre,axon_terminal,323,323,1.292496110721,362,476,449,518.466772941,246,235,15534.741703714,15016.274930773,false,false,0.000000000000,712975.750000,222824.750000,214776.810000,64159.076761,0,0,unlabeled_neurite,COMPUTATIONAL_SUBTREE_CANDIDATE_NOT_BIOLOGICAL_COMPARTMENT
282,720575940618076902,720575940617782941,707298,222130,213260,720575940617782941,post,dendrite,323,323,1.292496110721,362,12,10,89.169619355,12,10,89.169619355,0.000000000,true,true,0.618132474757,707229.611259,222117.344261,213315.803525,70663.379866,0,0,unlabeled_neurite,COMPUTATIONAL_SUBTREE_CANDIDATE_NOT_BIOLOGICAL_COMPARTMENT
283,720575940618076902,720575940617782941,707492,221526,213160,720575940617782941,post,dendrite,323,323,1.292496110721,362,15,12,222.843673847,15,12,222.843673847,0.000000000,true,true,0.329784459962,707337.213193,221509.139834,213319.424221,70023.545919,5,0,fork,COMPUTATIONAL_SUBTREE_CANDIDATE_NOT_BIOLOGICAL_COMPARTMENT
284,720575940618076902,720575940617782941,707530,221392,213280,720575940617782941,post,dendrite,323,323,1.292496110721,362,22,15,161.515199682,22,15,161.515199682,0.000000000,true,true,0.971661239637,707390.680847,221346.877995,213348.127365,69848.041980,0,5,fork,COMPUTATIONAL_SUBTREE_CANDIDATE_NOT_BIOLOGICAL_COMPARTMENT
285,720575940618076902,720575940617782941,707834,219212,213520,720575940617782941,post,dendrite,323,323,1.292496110721,362,21,19,204.661060355,21,19,204.661060355,0.000000000,true,true,0.988531670143,707748.109513,219067.746750,213637.046886,69426.406680,5,5,fork,COMPUTATIONAL_SUBTREE_CANDIDATE_NOT_BIOLOGICAL_COMPARTMENT
286,720575940618076902,720575940617782941,709612,220346,211720,720575940617782941,post,dendrite,323,323,1.292496110721,362,35,38,20.898908531,35,38,20.898908531,0.000000000,true,true,0.966416333485,709606.755538,220360.597083,211734.006612,68049.439995,0,6,terminal,COMPUTATIONAL_SUBTREE_CANDIDATE_NOT_BIOLOGICAL_COMPARTMENT
287,720575940618076902,720575940617782941,712456,222900,214760,720575940617782941,post,dendrite,323,323,1.292496110721,362,246,235,516.631317346,246,235,516.631317346,0.000000000,true,true,0.171713027940,712971.886457,222910.536112,214734.347085,64254.874898,0,0,unlabeled_neurite,COMPUTATIONAL_SUBTREE_CANDIDATE_NOT_BIOLOGICAL_COMPARTMENT
288,720575940618076902,720575940617782941,712700,222644,215000,720575940617782941,post,dendrite,323,323,1.292496110721,362,257,246,310.570867147,257,246,310.570867147,0.000000000,true,true,0.702372484949,712953.978547,222582.796688,214832.061572,63909.941983,5,0,fork,COMPUTATIONAL_SUBTREE_CANDIDATE_NOT_BIOLOGICAL_COMPARTMENT
289,720575940618672293,720575940625571465,709992,214176,214040,720575940625571465,post,dendrite,343,343,1.168327590832,492,93,103,45.187184935,93,103,45.187184935,0.000000000,true,true,0.784135413652,709978.931676,214203.751807,214073.180382,84314.756650,0,6,terminal,COMPUTATIONAL_SUBTREE_CANDIDATE_NOT_BIOLOGICAL_COMPARTMENT
290,720575940618672293,720575940625571465,710436,214604,213820,720575940625571465,post,dendrite,343,343,1.168327590832,492,80,93,218.821056678,80,93,218.821056678,0.000000000,true,true,0.957148608015,710219.904527,214569.570349,213820.019007,83786.932045,5,0,fork,COMPUTATIONAL_SUBTREE_CANDIDATE_NOT_BIOLOGICAL_COMPARTMENT
291,720575940618672293,720575940625571465,711632,214814,213080,720575940625571465,post,dendrite,343,343,1.168327590832,492,97,130,131.639562442,97,130,131.639562442,0.000000000,true,true,1.000000000000,711680.400000,214803.880000,212958.000000,84285.528838,5,0,fork,COMPUTATIONAL_SUBTREE_CANDIDATE_NOT_BIOLOGICAL_COMPARTMENT
292,720575940618672293,720575940625571465,712778,214670,213400,720575940625571465,post,dendrite,343,343,1.168327590832,492,225,238,134.962878599,225,238,134.962878599,0.000000000,true,true,0.751009046488,712756.871989,214743.299530,213511.336269,82989.101260,0,6,terminal,COMPUTATIONAL_SUBTREE_CANDIDATE_NOT_BIOLOGICAL_COMPARTMENT
293,720575940618672293,720575940625571465,714006,214692,214160,720575940625571465,post,dendrite,343,343,1.168327590832,492,248,276,88.862797640,248,276,88.862797640,0.000000000,true,true,0.916610558647,714072.153659,214726.981599,214207.922624,82931.207393,0,0,unlabeled_neurite,COMPUTATIONAL_SUBTREE_CANDIDATE_NOT_BIOLOGICAL_COMPARTMENT
294,720575940618898715,720575940616224414,761836,269440,212820,720575940616224414,post,dendrite,358,358,1.145802863923,570,68,61,252.579718652,363,349,26232.163129067,25979.583410415,false,false,0.000000000000,787191.300000,271875.060000,206550.580000,85408.851239,0,0,unlabeled_neurite,COMPUTATIONAL_SUBTREE_CANDIDATE_NOT_BIOLOGICAL_COMPARTMENT
295,720575940618898715,720575940616224414,762046,269504,212640,720575940616224414,post,dendrite,358,358,1.145802863923,570,92,68,133.534882814,363,349,25980.551833054,25847.016950240,false,false,0.000000000000,787191.300000,271875.060000,206550.580000,85408.851239,0,0,unlabeled_neurite,COMPUTATIONAL_SUBTREE_CANDIDATE_NOT_BIOLOGICAL_COMPARTMENT
296,720575940618898715,720575940616224414,762756,278758,211040,720575940616224414,post,dendrite,358,358,1.145802863923,570,79,76,90.860340812,331,329,23621.909894841,23531.049554029,false,false,1.000000000000,785678.000000,281180.120000,205871.840000,101883.826859,0,6,terminal,COMPUTATIONAL_SUBTREE_CANDIDATE_NOT_BIOLOGICAL_COMPARTMENT
297,720575940618898715,720575940616224414,763070,277412,211520,720575940616224414,post,dendrite,358,358,1.145802863923,570,109,91,194.757927459,331,329,23605.552391757,23410.794464298,false,false,1.000000000000,785678.000000,281180.120000,205871.840000,101883.826859,0,6,terminal,COMPUTATIONAL_SUBTREE_CANDIDATE_NOT_BIOLOGICAL_COMPARTMENT
298,720575940618898715,720575940616224414,763240,277378,211640,720575940616224414,post,dendrite,358,358,1.145802863923,570,109,91,158.426429509,331,329,23477.470695967,23319.044266458,false,false,1.000000000000,785678.000000,281180.120000,205871.840000,101883.826859,0,6,terminal,COMPUTATIONAL_SUBTREE_CANDIDATE_NOT_BIOLOGICAL_COMPARTMENT
299,720575940618898715,720575940616224414,764228,273072,215120,720575940616224414,post,dendrite,358,358,1.145802863923,570,107,98,165.857017690,363,349,24539.371862173,24373.514844483,false,false,0.000000000000,787191.300000,271875.060000,206550.580000,85408.851239,0,0,unlabeled_neurite,COMPUTATIONAL_SUBTREE_CANDIDATE_NOT_BIOLOGICAL_COMPARTMENT
300,720575940618898715,720575940616224414,764376,273240,214960,720575940616224414,post,dendrite,358,358,1.145802863923,570,96,123,176.122386379,363,349,24354.041143720,24177.918757341,false,false,0.000000000000,787191.300000,271875.060000,206550.580000,85408.851239,0,0,unlabeled_neurite,COMPUTATIONAL_SUBTREE_CANDIDATE_NOT_BIOLOGICAL_COMPARTMENT
301,720575940618898715,720575940616224414,764520,266616,213800,720575940616224414,post,dendrite,358,358,1.145802863923,570,145,138,280.099851839,383,372,24152.201064930,23872.101213091,false,false,1.000000000000,787387.060000,269671.940000,206652.440000,85263.315668,0,6,terminal,COMPUTATIONAL_SUBTREE_CANDIDATE_NOT_BIOLOGICAL_COMPARTMENT
302,720575940618898715,720575940616224414,764524,273236,214600,720575940616224414,post,dendrite,358,358,1.145802863923,570,107,98,53.638443555,363,349,24092.567511787,24038.929068232,false,false,0.000000000000,787191.300000,271875.060000,206550.580000,85408.851239,0,0,unlabeled_neurite,COMPUTATIONAL_SUBTREE_CANDIDATE_NOT_BIOLOGICAL_COMPARTMENT
303,720575940618898715,720575940616224414,764976,274628,212200,720575940616224414,post,dendrite,358,358,1.145802863923,570,121,128,72.959871685,331,329,22617.442151579,22544.482279894,false,false,1.000000000000,785678.000000,281180.120000,205871.840000,101883.826859,0,6,terminal,COMPUTATIONAL_SUBTREE_CANDIDATE_NOT_BIOLOGICAL_COMPARTMENT
304,720575940621116807,720575940625571465,711980,221854,209900,720575940625571465,post,dendrite,343,343,1.168327590832,492,135,148,71.414302963,135,148,71.414302963,0.000000000,true,true,0.462612602058,711979.863419,221921.744702,209877.402669,82391.944656,0,0,unlabeled_neurite,COMPUTATIONAL_SUBTREE_CANDIDATE_NOT_BIOLOGICAL_COMPARTMENT
305,720575940621116807,720575940625571465,712534,222050,210060,720575940625571465,post,dendrite,343,343,1.168327590832,492,148,188,73.072416136,148,188,73.072416136,0.000000000,true,true,1.000000000000,712471.560000,222044.120000,210097.500000,82947.434390,0,6,terminal,COMPUTATIONAL_SUBTREE_CANDIDATE_NOT_BIOLOGICAL_COMPARTMENT
306,720575940621116807,720575940625571465,713318,214888,210840,720575940625571465,post,dendrite,343,343,1.168327590832,492,207,214,57.517826764,207,214,57.517826764,0.000000000,true,true,0.843090692833,713330.038880,214930.394986,210803.040144,87451.813275,0,5,fork,COMPUTATIONAL_SUBTREE_CANDIDATE_NOT_BIOLOGICAL_COMPARTMENT
307,720575940621116807,720575940625571465,713592,214888,211360,720575940625571465,post,dendrite,343,343,1.168327590832,492,214,258,515.743185685,214,258,515.743185685,0.000000000,true,true,0.837697229872,713677.720145,214964.424988,210857.205498,87816.066574,5,5,fork,COMPUTATIONAL_SUBTREE_CANDIDATE_NOT_BIOLOGICAL_COMPARTMENT
308,720575940621116807,720575940625571465,714234,217472,211100,720575940625571465,post,dendrite,343,343,1.168327590832,492,267,286,286.237137687,267,286,286.237137687,0.000000000,true,true,0.165386313412,714025.626100,217548.962509,210919.476348,78621.323660,0,0,unlabeled_neurite,COMPUTATIONAL_SUBTREE_CANDIDATE_NOT_BIOLOGICAL_COMPARTMENT
309,720575940621116807,720575940625571465,715930,222438,211260,720575940625571465,post,dendrite,343,343,1.168327590832,492,333,334,133.622361785,333,334,133.622361785,0.000000000,true,true,0.012683241682,715907.760234,222459.830172,211389.937569,80991.429784,0,0,unlabeled_neurite,COMPUTATIONAL_SUBTREE_CANDIDATE_NOT_BIOLOGICAL_COMPARTMENT
310,720575940621618209,720575940632008007,792514,259622,221420,720575940632008007,post,dendrite,292,292,1.132085908818,596,644,631,148.897918446,644,631,148.897918446,0.000000000,true,true,0.570203682048,792579.694784,259505.368763,221485.206902,84485.701599,5,0,fork,COMPUTATIONAL_SUBTREE_CANDIDATE_NOT_BIOLOGICAL_COMPARTMENT
311,720575940621618209,720575940632008007,792608,266420,216920,720575940632008007,post,dendrite,292,292,1.132085908818,596,544,597,127.785760759,544,597,127.785760759,0.000000000,true,true,0.105688262983,792665.314556,266314.915463,216964.737931,77445.576988,5,6,fork,COMPUTATIONAL_SUBTREE_CANDIDATE_NOT_BIOLOGICAL_COMPARTMENT
312,720575940621618209,720575940632008007,792738,259720,221000,720575940632008007,post,dendrite,292,292,1.132085908818,596,655,644,94.095756210,655,644,94.095756210,0.000000000,true,true,0.097010041422,792801.012031,259654.317894,220976.138814,83795.488598,0,5,fork,COMPUTATIONAL_SUBTREE_CANDIDATE_NOT_BIOLOGICAL_COMPARTMENT
313,720575940621618209,720575940632008007,793144,263718,220780,720575940632008007,post,dendrite,292,292,1.132085908818,596,771,749,45.189398093,771,749,45.189398093,0.000000000,true,true,1.000000000000,793184.940000,263724.340000,220798.050000,83534.947997,0,6,terminal,COMPUTATIONAL_SUBTREE_CANDIDATE_NOT_BIOLOGICAL_COMPARTMENT
314,720575940621618209,720575940632008007,795310,261854,219080,720575940632008007,post,dendrite,292,292,1.132085908818,596,867,854,166.274670375,867,854,166.274670375,0.000000000,true,true,0.282688861090,795410.052926,261741.367377,219150.360289,83046.011380,5,0,fork,COMPUTATIONAL_SUBTREE_CANDIDATE_NOT_BIOLOGICAL_COMPARTMENT
315,720575940625571465,720575940614324130,720674,226740,216280,720575940625571465,pre,axon_terminal,343,343,1.168327590832,492,367,360,555.348284786,367,360,555.348284786,0.000000000,true,true,0.460983921902,720245.528113,226697.362719,216630.721572,87645.701923,0,0,unlabeled_neurite,COMPUTATIONAL_SUBTREE_CANDIDATE_NOT_BIOLOGICAL_COMPARTMENT
316,720575940625571465,720575940614324130,721710,219810,215840,720575940625571465,pre,axon_terminal,343,343,1.168327590832,492,436,443,273.859565583,436,443,273.859565583,0.000000000,true,true,0.274133640707,721951.958425,219933.933301,215873.101651,87321.751945,0,0,unlabeled_neurite,COMPUTATIONAL_SUBTREE_CANDIDATE_NOT_BIOLOGICAL_COMPARTMENT
317,720575940625571465,720575940614324130,723066,222388,214680,720575940625571465,pre,axon_terminal,343,343,1.168327590832,492,472,480,200.460986181,472,480,200.460986181,0.000000000,true,true,0.842443384390,723195.744830,222539.485549,214700.075218,86887.155918,5,6,fork,COMPUTATIONAL_SUBTREE_CANDIDATE_NOT_BIOLOGICAL_COMPARTMENT
318,720575940625571465,720575940614324130,725488,226192,214240,720575940625571465,pre,axon_terminal,343,343,1.168327590832,492,516,522,301.872640281,516,522,301.872640281,0.000000000,true,true,0.085286057034,725234.047514,226345.396975,214295.718881,82344.219440,0,0,unlabeled_neurite,COMPUTATIONAL_SUBTREE_CANDIDATE_NOT_BIOLOGICAL_COMPARTMENT
319,720575940625571465,720575940614324130,725628,227138,214700,720575940625571465,pre,axon_terminal,343,343,1.168327590832,492,522,527,348.677548617,522,527,348.677548617,0.000000000,true,true,0.885255024913,725633.442346,227159.595295,214352.034403,83257.102417,0,0,unlabeled_neurite,COMPUTATIONAL_SUBTREE_CANDIDATE_NOT_BIOLOGICAL_COMPARTMENT
320,720575940625571465,720575940614324130,725848,226882,214080,720575940625571465,pre,axon_terminal,343,343,1.168327590832,492,522,527,395.962429264,522,527,395.962429264,0.000000000,true,true,0.503115875986,725562.647247,226972.148399,214339.293883,83056.327405,0,0,unlabeled_neurite,COMPUTATIONAL_SUBTREE_CANDIDATE_NOT_BIOLOGICAL_COMPARTMENT
321,720575940625571465,720575940614324130,725994,227034,214340,720575940625571465,pre,axon_terminal,343,343,1.168327590832,492,527,528,306.987919869,527,528,306.987919869,0.000000000,true,true,0.610083743109,725866.399059,227311.175081,214373.668344,83550.229835,0,5,fork,COMPUTATIONAL_SUBTREE_CANDIDATE_NOT_BIOLOGICAL_COMPARTMENT
322,720575940625571465,720575940616780683,720090,227046,217480,720575940625571465,pre,axon_terminal,343,343,1.168327590832,492,369,362,283.378536880,369,362,283.378536880,0.000000000,true,true,0.309601279376,720027.680240,227301.724125,217375.000883,88846.967977,5,6,fork,COMPUTATIONAL_SUBTREE_CANDIDATE_NOT_BIOLOGICAL_COMPARTMENT
323,720575940625571465,720575940616780683,720714,227466,216940,720575940625571465,pre,axon_terminal,343,343,1.168327590832,492,369,363,273.623986780,369,363,273.623986780,0.000000000,true,true,0.729446786860,720738.636363,227470.651086,217212.472940,89206.515551,5,0,fork,COMPUTATIONAL_SUBTREE_CANDIDATE_NOT_BIOLOGICAL_COMPARTMENT
324,720575940625571465,720575940616780683,721436,225000,216380,720575940625571465,pre,axon_terminal,343,343,1.168327590832,492,406,413,269.914223716,406,413,269.914223716,0.000000000,true,true,0.052083773207,721247.845012,224862.734224,216516.416624,85386.081582,5,0,fork,COMPUTATIONAL_SUBTREE_CANDIDATE_NOT_BIOLOGICAL_COMPARTMENT
325,720575940625571465,720575940616780683,722020,218708,216120,720575940625571465,pre,axon_terminal,343,343,1.168327590832,492,456,459,394.061290506,456,459,394.061290506,0.000000000,true,true,0.306646389185,722303.491328,218961.092227,216224.217524,88593.780099,0,5,fork,COMPUTATIONAL_SUBTREE_CANDIDATE_NOT_BIOLOGICAL_COMPARTMENT
326,720575940625571465,720575940616780683,722558,227954,216140,720575940625571465,pre,axon_terminal,343,343,1.168327590832,492,450,461,450.745910320,450,461,450.745910320,0.000000000,true,true,0.640997889612,722625.687001,228122.001209,216552.754091,91444.266103,0,0,unlabeled_neurite,COMPUTATIONAL_SUBTREE_CANDIDATE_NOT_BIOLOGICAL_COMPARTMENT
327,720575940625571465,720575940616780683,724554,218630,215260,720575940625571465,pre,axon_terminal,343,343,1.168327590832,492,500,504,566.548861529,500,504,566.548861529,0.000000000,true,true,1.000000000000,724494.560000,219116.580000,215544.050000,91112.431288,0,0,unlabeled_neurite,COMPUTATIONAL_SUBTREE_CANDIDATE_NOT_BIOLOGICAL_COMPARTMENT
328,720575940625571465,720575940616780683,727096,224372,214360,720575940625571465,pre,axon_terminal,343,343,1.168327590832,492,546,549,409.941060764,546,549,409.941060764,0.000000000,true,true,1.000000000000,727231.250000,224084.480000,214619.020000,85197.186010,5,6,fork,COMPUTATIONAL_SUBTREE_CANDIDATE_NOT_BIOLOGICAL_COMPARTMENT
329,720575940625571465,720575940618681709,719570,227272,217160,720575940625571465,pre,axon_terminal,343,343,1.168327590832,492,369,362,428.717931442,369,362,428.717931442,0.000000000,true,true,0.713992248195,719800.250760,227305.857001,217520.051880,89116.747593,5,6,fork,COMPUTATIONAL_SUBTREE_CANDIDATE_NOT_BIOLOGICAL_COMPARTMENT
330,720575940625571465,720575940618681709,723482,218870,216400,720575940625571465,pre,axon_terminal,343,343,1.168327590832,492,467,486,520.490374736,467,486,520.490374736,0.000000000,true,true,0.265156222424,723467.549030,218920.730105,215882.189363,89972.926638,0,5,fork,COMPUTATIONAL_SUBTREE_CANDIDATE_NOT_BIOLOGICAL_COMPARTMENT
331,720575940625571465,720575940618681709,724284,219366,215780,720575940625571465,pre,axon_terminal,343,343,1.168327590832,492,500,504,335.909590636,500,504,335.909590636,0.000000000,true,true,0.503305741380,724297.869074,219064.178756,215633.211586,90890.208428,0,0,unlabeled_neurite,COMPUTATIONAL_SUBTREE_CANDIDATE_NOT_BIOLOGICAL_COMPARTMENT
332,720575940625571465,720575940618681709,724732,225098,215400,720575940625571465,pre,axon_terminal,343,343,1.168327590832,492,506,509,368.194854710,506,509,368.194854710,0.000000000,true,true,0.874768230838,724716.085483,224833.177574,215655.310129,81456.545566,0,0,unlabeled_neurite,COMPUTATIONAL_SUBTREE_CANDIDATE_NOT_BIOLOGICAL_COMPARTMENT
333,720575940625571465,720575940618681709,726352,225572,214900,720575940625571465,pre,axon_terminal,343,343,1.168327590832,492,530,535,200.404724710,530,535,200.404724710,0.000000000,true,true,0.852821062499,726475.013541,225523.432350,215050.568609,83864.639218,0,0,unlabeled_neurite,COMPUTATIONAL_SUBTREE_CANDIDATE_NOT_BIOLOGICAL_COMPARTMENT
334,720575940625571465,720575940618681709,726668,227784,214240,720575940625571465,pre,axon_terminal,343,343,1.168327590832,492,539,548,147.075626675,539,548,147.075626675,0.000000000,true,true,0.172335628424,726543.845948,227775.539068,214161.607246,84521.578696,0,6,terminal,COMPUTATIONAL_SUBTREE_CANDIDATE_NOT_BIOLOGICAL_COMPARTMENT
335,720575940625571465,720575940618681709,726904,226192,214540,720575940625571465,pre,axon_terminal,343,343,1.168327590832,492,545,551,459.754720543,545,551,459.754720543,0.000000000,true,true,0.555811028841,726902.343998,225746.650388,214654.172606,84701.236592,5,6,fork,COMPUTATIONAL_SUBTREE_CANDIDATE_NOT_BIOLOGICAL_COMPARTMENT
336,720575940625571465,720575940618681709,727034,224210,214380,720575940625571465,pre,axon_terminal,343,343,1.168327590832,492,546,549,334.355190329,546,549,334.355190329,0.000000000,true,true,1.000000000000,727231.250000,224084.480000,214619.020000,85197.186010,5,6,fork,COMPUTATIONAL_SUBTREE_CANDIDATE_NOT_BIOLOGICAL_COMPARTMENT
337,720575940625571465,720575940621780812,709044,217660,212540,720575940625571465,pre,axon_terminal,343,343,1.168327590832,492,75,60,326.077431509,75,60,326.077431509,0.000000000,true,true,0.194750177023,709195.530925,217626.464476,212253.224411,81818.004948,5,6,fork,COMPUTATIONAL_SUBTREE_CANDIDATE_NOT_BIOLOGICAL_COMPARTMENT
338,720575940625571465,720575940621780812,709046,217840,212620,720575940625571465,pre,axon_terminal,343,343,1.168327590832,492,75,60,423.326982789,75,60,423.326982789,0.000000000,true,true,0.021874101730,709292.704567,217737.651453,212291.568324,81665.441793,5,6,fork,COMPUTATIONAL_SUBTREE_CANDIDATE_NOT_BIOLOGICAL_COMPARTMENT
339,720575940625571465,720575940621780812,709784,214986,212400,720575940625571465,pre,axon_terminal,343,343,1.168327590832,492,62,80,451.532524646,62,80,451.532524646,0.000000000,true,true,0.455023069197,710077.862065,214982.590795,212742.804733,82382.285432,0,5,fork,COMPUTATIONAL_SUBTREE_CANDIDATE_NOT_BIOLOGICAL_COMPARTMENT
340,720575940625571465,720575940621780812,709888,215048,212140,720575940625571465,pre,axon_terminal,343,343,1.168327590832,492,94,96,351.010323438,94,96,351.010323438,0.000000000,true,true,0.826877608272,710238.045372,215039.653617,212115.366231,83209.138296,5,5,fork,COMPUTATIONAL_SUBTREE_CANDIDATE_NOT_BIOLOGICAL_COMPARTMENT
341,720575940625571465,720575940621780812,712554,219562,212060,720575940625571465,pre,axon_terminal,343,343,1.168327590832,492,186,212,317.346600288,186,212,317.346600288,0.000000000,true,true,0.300499339513,712645.599966,219813.146288,212231.008342,74761.661858,5,5,fork,COMPUTATIONAL_SUBTREE_CANDIDATE_NOT_BIOLOGICAL_COMPARTMENT
342,720575940625571465,720575940621780812,712898,219984,211960,720575940625571465,pre,axon_terminal,343,343,1.168327590832,492,186,212,389.238643254,186,212,389.238643254,0.000000000,true,true,0.185318968704,712578.714725,219885.970229,212159.884463,74639.860511,5,5,fork,COMPUTATIONAL_SUBTREE_CANDIDATE_NOT_BIOLOGICAL_COMPARTMENT
343,720575940625571465,720575940621780812,712966,220046,212120,720575940625571465,pre,axon_terminal,343,343,1.168327590832,492,186,212,410.378199716,186,212,410.378199716,0.000000000,true,true,0.273926685741,712630.169226,219829.947114,212214.599728,74733.561714,5,5,fork,COMPUTATIONAL_SUBTREE_CANDIDATE_NOT_BIOLOGICAL_COMPARTMENT
344,720575940625571465,720575940627190556,722970,218648,215780,720575940625571465,pre,axon_terminal,343,343,1.168327590832,492,462,467,325.255959669,462,467,325.255959669,0.000000000,true,true,0.143866575406,723068.312121,218840.279869,216023.217224,89528.897335,0,0,unlabeled_neurite,COMPUTATIONAL_SUBTREE_CANDIDATE_NOT_BIOLOGICAL_COMPARTMENT
345,720575940625571465,720575940627190556,724368,219518,215600,720575940625571465,pre,axon_terminal,343,343,1.168327590832,492,504,511,358.593215692,504,511,358.593215692,0.000000000,true,true,0.280216605861,724639.431985,219291.746202,215538.983684,91339.800499,0,0,unlabeled_neurite,COMPUTATIONAL_SUBTREE_CANDIDATE_NOT_BIOLOGICAL_COMPARTMENT
346,720575940625571465,720575940627190556,724546,219464,215360,720575940625571465,pre,axon_terminal,343,343,1.168327590832,492,504,511,253.933387394,504,511,253.933387394,0.000000000,true,true,0.375312769621,724688.596702,219351.191765,215537.264345,91416.962021,0,0,unlabeled_neurite,COMPUTATIONAL_SUBTREE_CANDIDATE_NOT_BIOLOGICAL_COMPARTMENT
347,720575940625571465,720575940627190556,724658,218492,215140,720575940625571465,pre,axon_terminal,343,343,1.168327590832,492,500,504,761.622749463,500,504,761.622749463,0.000000000,true,true,1.000000000000,724494.560000,219116.580000,215544.050000,91112.431288,0,0,unlabeled_neurite,COMPUTATIONAL_SUBTREE_CANDIDATE_NOT_BIOLOGICAL_COMPARTMENT
348,720575940625571465,720575940627190556,724680,228712,215400,720575940625571465,pre,axon_terminal,343,343,1.168327590832,492,508,513,336.777652249,508,513,336.777652249,0.000000000,true,true,0.220453266711,724787.469784,228750.217926,215716.873512,94301.190395,0,0,unlabeled_neurite,COMPUTATIONAL_SUBTREE_CANDIDATE_NOT_BIOLOGICAL_COMPARTMENT
349,720575940625571465,720575940627190556,724796,225084,215360,720575940625571465,pre,axon_terminal,343,343,1.168327590832,492,509,514,380.442216204,509,514,380.442216204,0.000000000,true,true,0.279667122514,724863.554006,224868.202781,215665.948192,81616.134504,0,5,fork,COMPUTATIONAL_SUBTREE_CANDIDATE_NOT_BIOLOGICAL_COMPARTMENT
350,720575940625571465,720575940627190556,725340,226146,214600,720575940625571465,pre,axon_terminal,343,343,1.168327590832,492,510,516,347.879941200,510,516,347.879941200,0.000000000,true,true,0.688824897184,725135.830982,226212.911374,214326.397489,82174.649566,0,0,unlabeled_neurite,COMPUTATIONAL_SUBTREE_CANDIDATE_NOT_BIOLOGICAL_COMPARTMENT
351,720575940625571465,720575940627190556,725448,226138,214400,720575940625571465,pre,axon_terminal,343,343,1.168327590832,492,510,516,310.349479095,510,516,310.349479095,0.000000000,true,true,0.957298821445,725201.633941,226296.651075,214297.772800,82284.929845,0,0,unlabeled_neurite,COMPUTATIONAL_SUBTREE_CANDIDATE_NOT_BIOLOGICAL_COMPARTMENT
352,720575940625571465,720575940629148007,719894,227130,216660,720575940625571465,pre,axon_terminal,343,343,1.168327590832,492,360,356,430.639852697,360,356,430.639852697,0.000000000,true,true,0.069170843679,720301.961127,227039.441404,216764.007414,88021.661179,0,5,fork,COMPUTATIONAL_SUBTREE_CANDIDATE_NOT_BIOLOGICAL_COMPARTMENT
353,720575940625571465,720575940629148007,720018,226902,217200,720575940625571465,pre,axon_terminal,343,343,1.168327590832,492,369,362,426.643080743,369,362,426.643080743,0.000000000,true,true,0.171614194541,720105.284177,227300.313897,217325.506295,88754.913244,5,6,fork,COMPUTATIONAL_SUBTREE_CANDIDATE_NOT_BIOLOGICAL_COMPARTMENT
354,720575940625571465,720575940629148007,721828,219908,215740,720575940625571465,pre,axon_terminal,343,343,1.168327590832,492,436,443,153.620607532,436,443,153.620607532,0.000000000,true,true,0.085141652570,721923.583168,220006.423068,215809.108964,87220.979997,0,0,unlabeled_neurite,COMPUTATIONAL_SUBTREE_CANDIDATE_NOT_BIOLOGICAL_COMPARTMENT
355,720575940625571465,720575940629148007,722008,218604,216180,720575940625571465,pre,axon_terminal,343,343,1.168327590832,492,459,463,454.755740580,459,463,454.755740580,0.000000000,true,true,0.522165109978,722417.231843,218439.997333,216291.513260,89243.531259,5,6,fork,COMPUTATIONAL_SUBTREE_CANDIDATE_NOT_BIOLOGICAL_COMPARTMENT
356,720575940625571465,720575940629148007,724466,219414,215360,720575940625571465,pre,axon_terminal,343,343,1.168327590832,492,504,511,277.322421756,504,511,277.322421756,0.000000000,true,true,0.265018294339,724631.574458,219282.245586,215539.258469,91327.468510,0,0,unlabeled_neurite,COMPUTATIONAL_SUBTREE_CANDIDATE_NOT_BIOLOGICAL_COMPARTMENT
357,720575940625571465,720575940629148007,724756,218900,215000,720575940625571465,pre,axon_terminal,343,343,1.168327590832,492,504,511,641.176860694,504,511,641.176860694,0.000000000,true,true,0.014603425966,724502.109971,219125.708748,215543.785970,91124.280584,0,0,unlabeled_neurite,COMPUTATIONAL_SUBTREE_CANDIDATE_NOT_BIOLOGICAL_COMPARTMENT
358,720575940625571465,720575940629148007,726084,222948,215600,720575940625571465,pre,axon_terminal,343,343,1.168327590832,492,550,544,327.834496226,550,544,327.834496226,0.000000000,true,true,0.437214789782,726133.718181,223180.479543,215825.736177,85128.442447,0,5,fork,COMPUTATIONAL_SUBTREE_CANDIDATE_NOT_BIOLOGICAL_COMPARTMENT
359,720575940625571465,720575940629148007,726366,225720,215060,720575940625571465,pre,axon_terminal,343,343,1.168327590832,492,530,535,220.800935730,530,535,220.800935730,0.000000000,true,true,0.932072395889,726504.891293,225550.214545,215034.797593,83907.751757,0,0,unlabeled_neurite,COMPUTATIONAL_SUBTREE_CANDIDATE_NOT_BIOLOGICAL_COMPARTMENT
360,720575940625571465,720575940629148007,726696,226064,214620,720575940625571465,pre,axon_terminal,343,343,1.168327590832,492,545,551,358.863311371,545,551,358.863311371,0.000000000,true,true,0.389690772810,726852.059397,225775.297826,214765.187450,84576.042692,5,6,fork,COMPUTATIONAL_SUBTREE_CANDIDATE_NOT_BIOLOGICAL_COMPARTMENT
361,720575940625571465,720575940631408246,721428,224994,216480,720575940625571465,pre,axon_terminal,343,343,1.168327590832,492,406,413,225.699694125,406,413,225.699694125,0.000000000,true,true,0.044255318265,721253.189107,224856.160748,216517.173166,85377.576155,5,0,fork,COMPUTATIONAL_SUBTREE_CANDIDATE_NOT_BIOLOGICAL_COMPARTMENT
362,720575940625571465,720575940631408246,721924,224352,216240,720575940625571465,pre,axon_terminal,343,343,1.168327590832,492,414,430,346.014961302,414,430,346.014961302,0.000000000,true,true,0.400681816505,722045.142062,224398.502446,216560.762337,86228.497776,5,6,fork,COMPUTATIONAL_SUBTREE_CANDIDATE_NOT_BIOLOGICAL_COMPARTMENT
363,720575940625571465,720575940631408246,724358,224714,215800,720575940625571465,pre,axon_terminal,343,343,1.168327590832,492,506,509,302.806281252,506,509,302.806281252,0.000000000,true,true,0.229100629012,724501.530139,224728.915170,215533.789029,81188.829256,0,0,unlabeled_neurite,COMPUTATIONAL_SUBTREE_CANDIDATE_NOT_BIOLOGICAL_COMPARTMENT
364,720575940625571465,720575940631408246,725526,226270,214260,720575940625571465,pre,axon_terminal,343,343,1.168327590832,492,516,522,290.800205568,516,522,290.800205568,0.000000000,true,true,0.263749198901,725279.973219,226419.528780,214300.947852,82431.580970,0,0,unlabeled_neurite,COMPUTATIONAL_SUBTREE_CANDIDATE_NOT_BIOLOGICAL_COMPARTMENT
365,720575940625571465,720575940631408246,725842,226924,214020,720575940625571465,pre,axon_terminal,343,343,1.168327590832,492,522,527,425.672016609,522,527,425.672016609,0.000000000,true,true,0.566475205559,725574.385197,227003.227418,214341.406283,83089.616248,0,0,unlabeled_neurite,COMPUTATIONAL_SUBTREE_CANDIDATE_NOT_BIOLOGICAL_COMPARTMENT
366,720575940625571465,720575940632504874,720000,226924,217300,720575940625571465,pre,axon_terminal,343,343,1.168327590832,492,369,362,385.419325821,369,362,385.419325821,0.000000000,true,true,0.275459474155,720046.881592,227301.375196,217362.754559,88824.191101,5,6,fork,COMPUTATIONAL_SUBTREE_CANDIDATE_NOT_BIOLOGICAL_COMPARTMENT
367,720575940625571465,720575940632504874,721210,220446,216880,720575940625571465,pre,axon_terminal,343,343,1.168327590832,492,432,426,781.036069654,432,426,781.036069654,0.000000000,true,true,0.000000000000,721531.600000,220804.110000,216264.900000,86184.870350,0,0,unlabeled_neurite,COMPUTATIONAL_SUBTREE_CANDIDATE_NOT_BIOLOGICAL_COMPARTMENT
368,720575940625571465,720575940632504874,721386,224900,216600,720575940625571465,pre,axon_terminal,343,343,1.168327590832,492,406,414,132.296219178,406,414,132.296219178,0.000000000,true,true,0.148854297846,721349.720544,224787.509873,216540.568846,85405.359316,5,5,fork,COMPUTATIONAL_SUBTREE_CANDIDATE_NOT_BIOLOGICAL_COMPARTMENT
369,720575940625571465,720575940632504874,721760,219988,215660,720575940625571465,pre,axon_terminal,343,343,1.168327590832,492,426,436,199.542188021,426,436,199.542188021,0.000000000,true,true,1.000000000000,721910.800000,220039.080000,215780.280000,87175.581828,0,0,unlabeled_neurite,COMPUTATIONAL_SUBTREE_CANDIDATE_NOT_BIOLOGICAL_COMPARTMENT
370,720575940625571465,720575940632504874,721934,224436,216480,720575940625571465,pre,axon_terminal,343,343,1.168327590832,492,414,430,108.791930323,414,430,108.791930323,0.000000000,true,true,0.306105619793,721970.506311,224447.822041,216581.799866,86136.598399,5,6,fork,COMPUTATIONAL_SUBTREE_CANDIDATE_NOT_BIOLOGICAL_COMPARTMENT
371,720575940625571465,720575940632504874,722112,218694,216060,720575940625571465,pre,axon_terminal,343,343,1.168327590832,492,456,459,360.042311972,456,459,360.042311972,0.000000000,true,true,0.449700265537,722352.442934,218906.814725,216222.872818,88666.883554,0,5,fork,COMPUTATIONAL_SUBTREE_CANDIDATE_NOT_BIOLOGICAL_COMPARTMENT
372,720575940625571465,720575940632504874,723344,222146,215400,720575940625571465,pre,axon_terminal,343,343,1.168327590832,492,472,482,303.584661665,472,482,303.584661665,0.000000000,true,true,0.129218879600,723248.854999,222431.683780,215361.323733,86226.623728,5,0,fork,COMPUTATIONAL_SUBTREE_CANDIDATE_NOT_BIOLOGICAL_COMPARTMENT
373,720575940625571465,720575940632504874,723584,218870,216280,720575940625571465,pre,axon_terminal,343,343,1.168327590832,492,467,486,404.990430988,467,486,404.990430988,0.000000000,true,true,0.432788323881,723567.910370,218937.957656,215881.076286,90074.761926,0,5,fork,COMPUTATIONAL_SUBTREE_CANDIDATE_NOT_BIOLOGICAL_COMPARTMENT
374,720575940625571465,720575940632504874,724322,224624,215760,720575940625571465,pre,axon_terminal,343,343,1.168327590832,492,506,509,296.101395351,506,509,296.101395351,0.000000000,true,true,0.031194699131,724435.765999,224696.957320,215496.541154,81106.770555,0,0,unlabeled_neurite,COMPUTATIONAL_SUBTREE_CANDIDATE_NOT_BIOLOGICAL_COMPARTMENT
375,720575940625571465,720575940632504874,725888,223148,215760,720575940625571465,pre,axon_terminal,343,343,1.168327590832,492,550,544,217.819531681,550,544,217.819531681,0.000000000,true,true,0.752363152016,726045.259187,223119.520396,215907.999354,85263.750398,0,5,fork,COMPUTATIONAL_SUBTREE_CANDIDATE_NOT_BIOLOGICAL_COMPARTMENT
376,720575940625571465,720575940632504874,726012,223032,215620,720575940625571465,pre,axon_terminal,343,343,1.168327590832,492,550,544,280.591319897,550,544,280.591319897,0.000000000,true,true,0.487026141958,726119.736632,223170.844533,215838.738434,85149.828794,0,5,fork,COMPUTATIONAL_SUBTREE_CANDIDATE_NOT_BIOLOGICAL_COMPARTMENT
377,720575940625571465,720575940639209956,719720,227412,217160,720575940625571465,pre,axon_terminal,343,343,1.168327590832,492,369,362,363.168482980,369,362,363.168482980,0.000000000,true,true,0.527658247528,719905.045002,227303.952667,217453.215737,88992.439389,5,6,fork,COMPUTATIONAL_SUBTREE_CANDIDATE_NOT_BIOLOGICAL_COMPARTMENT
378,720575940625571465,720575940639209956,719884,227234,216760,720575940625571465,pre,axon_terminal,343,343,1.168327590832,492,360,356,437.986300474,360,356,437.986300474,0.000000000,true,true,0.390758252303,720295.085589,227133.454267,216872.832593,88165.635521,0,5,fork,COMPUTATIONAL_SUBTREE_CANDIDATE_NOT_BIOLOGICAL_COMPARTMENT
379,720575940625571465,720575940639209956,720272,227006,217300,720575940625571465,pre,axon_terminal,343,343,1.168327590832,492,369,362,303.016494766,369,362,303.016494766,0.000000000,true,true,0.000000000000,720201.800000,227298.560000,217263.950000,88640.425001,5,6,fork,COMPUTATIONAL_SUBTREE_CANDIDATE_NOT_BIOLOGICAL_COMPARTMENT
380,720575940625571465,720575940639209956,720662,226656,216380,720575940625571465,pre,axon_terminal,343,343,1.168327590832,492,367,360,485.454080787,367,360,485.454080787,0.000000000,true,true,0.385157425323,720237.381314,226652.085202,216615.264341,87597.169975,0,0,unlabeled_neurite,COMPUTATIONAL_SUBTREE_CANDIDATE_NOT_BIOLOGICAL_COMPARTMENT
381,720575940625571465,720575940639209956,723370,228768,215880,720575940625571465,pre,axon_terminal,343,343,1.168327590832,492,474,483,283.523644991,474,483,283.523644991,0.000000000,true,true,0.672728943344,723472.184114,228506.106780,215843.176024,92640.845727,0,0,unlabeled_neurite,COMPUTATIONAL_SUBTREE_CANDIDATE_NOT_BIOLOGICAL_COMPARTMENT
382,720575940625571465,720575940639209956,724756,218830,214900,720575940625571465,pre,axon_terminal,343,343,1.168327590832,492,500,504,751.850631775,500,504,751.850631775,0.000000000,true,true,1.000000000000,724494.560000,219116.580000,215544.050000,91112.431288,0,0,unlabeled_neurite,COMPUTATIONAL_SUBTREE_CANDIDATE_NOT_BIOLOGICAL_COMPARTMENT
383,720575940625571465,720575940639209956,726244,222952,215580,720575940625571465,pre,axon_terminal,343,343,1.168327590832,492,550,544,332.707116416,550,544,332.707116416,0.000000000,true,true,0.161067027672,726211.230096,223233.894805,215753.653326,85009.879281,0,5,fork,COMPUTATIONAL_SUBTREE_CANDIDATE_NOT_BIOLOGICAL_COMPARTMENT
384,720575940625571465,720575940639209956,726372,224504,215400,720575940625571465,pre,axon_terminal,343,343,1.168327590832,492,519,531,410.521274138,519,531,410.521274138,0.000000000,true,true,0.678896967375,726084.510422,224387.308361,215131.186830,83153.805227,5,0,fork,COMPUTATIONAL_SUBTREE_CANDIDATE_NOT_BIOLOGICAL_COMPARTMENT
385,720575940625571465,720575940639209956,727076,226254,215440,720575940625571465,pre,axon_terminal,343,343,1.168327590832,492,552,554,445.076011430,552,554,445.076011430,0.000000000,true,true,0.834027297504,726974.466256,226308.663114,215010.121530,84823.160747,0,0,unlabeled_neurite,COMPUTATIONAL_SUBTREE_CANDIDATE_NOT_BIOLOGICAL_COMPARTMENT
386,720575940625571465,720575940639209956,727136,224236,214300,720575940625571465,pre,axon_terminal,343,343,1.168327590832,492,546,549,365.793156442,546,549,365.793156442,0.000000000,true,true,1.000000000000,727231.250000,224084.480000,214619.020000,85197.186010,5,6,fork,COMPUTATIONAL_SUBTREE_CANDIDATE_NOT_BIOLOGICAL_COMPARTMENT
387,720575940626979621,720575940616224414,787974,268996,205560,720575940616224414,post,dendrite,358,358,1.145802863923,570,421,401,175.793996996,421,401,175.793996996,0.000000000,true,true,0.698676543999,787874.745163,269117.055787,205639.984393,85094.015531,0,6,terminal,COMPUTATIONAL_SUBTREE_CANDIDATE_NOT_BIOLOGICAL_COMPARTMENT
388,720575940626979621,720575940616224414,788200,271028,203040,720575940616224414,post,dendrite,358,358,1.145802863923,570,503,460,47.125678775,503,460,47.125678775,0.000000000,true,true,1.000000000000,788214.400000,270983.700000,203047.140000,85520.185153,0,6,terminal,COMPUTATIONAL_SUBTREE_CANDIDATE_NOT_BIOLOGICAL_COMPARTMENT
389,720575940626979621,720575940616224414,789082,270444,208820,720575940616224414,post,dendrite,358,358,1.145802863923,570,464,459,136.029407677,464,459,136.029407677,0.000000000,true,true,0.397112647527,789062.204128,270403.193422,208948.245649,88778.374532,0,0,unlabeled_neurite,COMPUTATIONAL_SUBTREE_CANDIDATE_NOT_BIOLOGICAL_COMPARTMENT
390,720575940626979621,720575940616224414,789144,271644,209960,720575940616224414,post,dendrite,358,358,1.145802863923,570,497,509,527.374560441,497,509,527.374560441,0.000000000,true,true,1.000000000000,789460.500000,271579.030000,209543.190000,90814.397982,5,6,fork,COMPUTATIONAL_SUBTREE_CANDIDATE_NOT_BIOLOGICAL_COMPARTMENT
391,720575940626979621,720575940616224414,789364,271538,209520,720575940616224414,post,dendrite,358,358,1.145802863923,570,497,509,107.394073393,497,509,107.394073393,0.000000000,true,true,1.000000000000,789460.500000,271579.030000,209543.190000,90814.397982,5,6,fork,COMPUTATIONAL_SUBTREE_CANDIDATE_NOT_BIOLOGICAL_COMPARTMENT
392,720575940626979621,720575940616224414,789504,268942,206040,720575940616224414,post,dendrite,358,358,1.145802863923,570,492,501,101.605522113,492,501,101.605522113,0.000000000,true,true,0.172299018950,789564.883531,268992.265668,206103.954987,89568.685845,0,0,unlabeled_neurite,COMPUTATIONAL_SUBTREE_CANDIDATE_NOT_BIOLOGICAL_COMPARTMENT
393,720575940626979621,720575940616224414,789656,269224,206640,720575940616224414,post,dendrite,358,358,1.145802863923,570,531,548,53.236777319,531,548,53.236777319,0.000000000,true,true,0.650589377564,789700.420915,269196.756639,206650.896606,88971.752129,0,6,terminal,COMPUTATIONAL_SUBTREE_CANDIDATE_NOT_BIOLOGICAL_COMPARTMENT
394,720575940626979621,720575940616224414,789986,268108,205280,720575940616224414,post,dendrite,358,358,1.145802863923,570,583,594,65.461041849,583,594,65.461041849,0.000000000,true,true,1.000000000000,790013.300000,268052.280000,205259.140000,90389.921800,0,6,terminal,COMPUTATIONAL_SUBTREE_CANDIDATE_NOT_BIOLOGICAL_COMPARTMENT
395,720575940626979621,720575940616224414,790226,268866,204860,720575940616224414,post,dendrite,358,358,1.145802863923,570,647,626,77.388775649,647,626,77.388775649,0.000000000,true,true,0.862900213752,790200.688955,268918.404796,204911.010891,91644.477465,0,6,terminal,COMPUTATIONAL_SUBTREE_CANDIDATE_NOT_BIOLOGICAL_COMPARTMENT
396,720575940626979621,720575940616224414,790258,268136,204920,720575940616224414,post,dendrite,358,358,1.145802863923,570,566,588,32.889395277,566,588,32.889395277,0.000000000,true,true,0.707202387217,790228.992884,268133.778139,204904.658459,85936.013487,0,6,terminal,COMPUTATIONAL_SUBTREE_CANDIDATE_NOT_BIOLOGICAL_COMPARTMENT
397,720575940626979621,720575940616224414,790364,268244,204720,720575940616224414,post,dendrite,358,358,1.145802863923,570,566,588,129.829696849,566,588,129.829696849,0.000000000,true,true,0.280468779853,790276.932137,268311.990628,204788.207125,85717.796218,0,6,terminal,COMPUTATIONAL_SUBTREE_CANDIDATE_NOT_BIOLOGICAL_COMPARTMENT
398,720575940626979621,720575940616224414,790790,267968,205660,720575940616224414,post,dendrite,358,358,1.145802863923,570,681,688,169.107661233,681,688,169.107661233,0.000000000,true,true,0.812533828799,790885.955586,268106.223456,205643.141680,90222.614996,0,0,unlabeled_neurite,COMPUTATIONAL_SUBTREE_CANDIDATE_NOT_BIOLOGICAL_COMPARTMENT
399,720575940626979621,720575940617782941,710488,223880,211400,720575940617782941,post,dendrite,323,323,1.292496110721,362,74,89,324.587022154,74,89,324.587022154,0.000000000,true,true,0.677856805619,710359.356040,224152.925276,211280.336887,68315.622162,5,0,fork,COMPUTATIONAL_SUBTREE_CANDIDATE_NOT_BIOLOGICAL_COMPARTMENT
400,720575940626979621,720575940617782941,710562,214106,213360,720575940617782941,post,dendrite,323,323,1.292496110721,362,108,109,934.371616256,108,109,934.371616256,0.000000000,true,true,0.510316327019,710908.924553,213845.892584,214187.670106,60051.081477,5,0,fork,COMPUTATIONAL_SUBTREE_CANDIDATE_NOT_BIOLOGICAL_COMPARTMENT
401,720575940626979621,720575940617782941,710842,213010,215100,720575940617782941,post,dendrite,323,323,1.292496110721,362,79,100,93.246059648,79,100,93.246059648,0.000000000,true,true,0.957915470888,710821.216583,213091.001913,215141.250058,62432.675284,0,6,terminal,COMPUTATIONAL_SUBTREE_CANDIDATE_NOT_BIOLOGICAL_COMPARTMENT
402,720575940626979621,720575940617782941,710852,213146,214800,720575940617782941,post,dendrite,323,323,1.292496110721,362,79,100,167.967807336,79,100,167.967807336,0.000000000,true,true,0.179713813244,710712.423991,213196.992979,214878.303500,62129.012928,0,6,terminal,COMPUTATIONAL_SUBTREE_CANDIDATE_NOT_BIOLOGICAL_COMPARTMENT
403,720575940626979621,720575940617782941,711038,214346,213280,720575940617782941,post,dendrite,323,323,1.292496110721,362,108,109,1021.314108744,108,109,1021.314108744,0.000000000,true,true,0.942736510770,711055.402566,213719.833452,214086.656751,60269.142044,5,0,fork,COMPUTATIONAL_SUBTREE_CANDIDATE_NOT_BIOLOGICAL_COMPARTMENT
404,720575940626979621,720575940617782941,711052,212156,214020,720575940617782941,post,dendrite,323,323,1.292496110721,362,144,130,41.074627313,144,130,41.074627313,0.000000000,true,true,0.184530926739,711066.415083,212119.165662,214008.929232,63521.481404,0,0,unlabeled_neurite,COMPUTATIONAL_SUBTREE_CANDIDATE_NOT_BIOLOGICAL_COMPARTMENT
405,720575940626979621,720575940617782941,711188,214162,214160,720575940617782941,post,dendrite,323,323,1.292496110721,362,108,109,422.214297446,108,109,422.214297446,0.000000000,true,true,0.545102805469,710920.708124,213835.751630,214179.543985,60068.623579,5,0,fork,COMPUTATIONAL_SUBTREE_CANDIDATE_NOT_BIOLOGICAL_COMPARTMENT
406,720575940626979621,720575940617782941,711866,213058,212820,720575940617782941,post,dendrite,323,323,1.292496110721,362,152,157,199.523321256,152,157,199.523321256,0.000000000,true,true,0.657987273508,711925.150198,213247.924354,212835.477395,62330.594928,5,6,fork,COMPUTATIONAL_SUBTREE_CANDIDATE_NOT_BIOLOGICAL_COMPARTMENT
407,720575940626979621,720575940617782941,712114,213368,214060,720575940617782941,post,dendrite,323,323,1.292496110721,362,184,163,85.962869623,184,163,85.962869623,0.000000000,true,true,0.691873221998,712065.409609,213320.621368,214112.762241,59063.930596,5,6,fork,COMPUTATIONAL_SUBTREE_CANDIDATE_NOT_BIOLOGICAL_COMPARTMENT
408,720575940626979621,720575940617782941,712200,213568,212260,720575940617782941,post,dendrite,323,323,1.292496110721,362,168,197,380.097881790,168,197,380.097881790,0.000000000,true,true,0.245752105814,712512.944359,213588.276793,212045.223186,58992.051159,5,0,fork,COMPUTATIONAL_SUBTREE_CANDIDATE_NOT_BIOLOGICAL_COMPARTMENT
409,720575940626979621,720575940617782941,712300,212418,212800,720575940617782941,post,dendrite,323,323,1.292496110721,362,212,207,158.608140095,212,207,158.608140095,0.000000000,true,true,0.560445992771,712307.949828,212292.916770,212897.198394,61763.236256,0,5,fork,COMPUTATIONAL_SUBTREE_CANDIDATE_NOT_BIOLOGICAL_COMPARTMENT
410,720575940626979621,720575940617782941,712392,214104,213640,720575940617782941,post,dendrite,323,323,1.292496110721,362,202,200,84.234358635,202,200,84.234358635,0.000000000,true,true,0.865154545222,712366.011977,214077.377232,213715.572998,58792.030985,0,6,terminal,COMPUTATIONAL_SUBTREE_CANDIDATE_NOT_BIOLOGICAL_COMPARTMENT
411,720575940626979621,720575940617782941,712492,213530,212280,720575940617782941,post,dendrite,323,323,1.292496110721,362,168,197,165.427691342,168,197,165.427691342,0.000000000,true,true,0.513880625791,712612.714981,213600.787670,212191.776872,59169.783211,5,0,fork,COMPUTATIONAL_SUBTREE_CANDIDATE_NOT_BIOLOGICAL_COMPARTMENT
412,720575940626979621,720575940617782941,712658,214028,213740,720575940617782941,post,dendrite,323,323,1.292496110721,362,202,200,90.807086177,202,200,90.807086177,0.000000000,true,true,0.000000000000,712606.300000,213954.880000,213755.050000,58519.446430,0,6,terminal,COMPUTATIONAL_SUBTREE_CANDIDATE_NOT_BIOLOGICAL_COMPARTMENT
413,720575940626979621,720575940617782941,712702,208754,212520,720575940617782941,post,dendrite,323,323,1.292496110721,362,231,216,122.104294857,231,216,122.104294857,0.000000000,true,true,0.921944988254,712590.121983,208790.779728,212487.750663,65294.981116,0,6,terminal,COMPUTATIONAL_SUBTREE_CANDIDATE_NOT_BIOLOGICAL_COMPARTMENT
414,720575940626979621,720575940617782941,714882,218580,211700,720575940617782941,post,dendrite,323,323,1.292496110721,362,352,345,198.691225737,352,345,198.691225737,0.000000000,true,true,0.609880831997,714847.206158,218510.265896,211517.230346,60524.944501,0,0,unlabeled_neurite,COMPUTATIONAL_SUBTREE_CANDIDATE_NOT_BIOLOGICAL_COMPARTMENT
415,720575940626979621,720575940625571465,706678,221356,213960,720575940625571465,post,dendrite,343,343,1.168327590832,492,2,5,263.777389089,2,5,263.777389089,0.000000000,true,true,0.886037259407,706594.776733,221144.451856,213826.209934,82124.288895,0,0,unlabeled_neurite,COMPUTATIONAL_SUBTREE_CANDIDATE_NOT_BIOLOGICAL_COMPARTMENT
416,720575940626979621,720575940625571465,707342,220480,213520,720575940625571465,post,dendrite,343,343,1.168327590832,492,3,10,84.360218705,3,10,84.360218705,0.000000000,true,true,1.000000000000,707329.700000,220426.030000,213583.660000,81505.921870,0,6,terminal,COMPUTATIONAL_SUBTREE_CANDIDATE_NOT_BIOLOGICAL_COMPARTMENT
417,720575940626979621,720575940625571465,708642,220766,214080,720575940625571465,post,dendrite,343,343,1.168327590832,492,66,37,530.563005872,66,37,530.563005872,0.000000000,true,true,0.000000000000,709163.100000,220733.860000,213985.560000,79754.709505,0,6,terminal,COMPUTATIONAL_SUBTREE_CANDIDATE_NOT_BIOLOGICAL_COMPARTMENT
418,720575940626979621,720575940625571465,708694,220900,214380,720575940625571465,post,dendrite,343,343,1.168327590832,492,46,66,607.196190931,46,66,607.196190931,0.000000000,true,true,0.722057413116,709214.380407,220681.245468,214156.308469,79568.825108,5,0,fork,COMPUTATIONAL_SUBTREE_CANDIDATE_NOT_BIOLOGICAL_COMPARTMENT
419,720575940626979621,720575940625571465,709314,220772,213680,720575940625571465,post,dendrite,343,343,1.168327590832,492,66,37,61.358436991,66,37,61.358436991,0.000000000,true,true,0.761237811079,709362.041890,220754.352522,213713.843776,80092.092856,0,6,terminal,COMPUTATIONAL_SUBTREE_CANDIDATE_NOT_BIOLOGICAL_COMPARTMENT
420,720575940626979621,720575940625571465,709434,216878,215100,720575940625571465,post,dendrite,343,343,1.168327590832,492,26,33,126.394817745,26,33,126.394817745,0.000000000,true,true,0.804124143270,709397.304878,216757.077689,215097.370822,79694.518511,5,6,fork,COMPUTATIONAL_SUBTREE_CANDIDATE_NOT_BIOLOGICAL_COMPARTMENT
421,720575940626979621,720575940625571465,709564,220890,213340,720575940625571465,post,dendrite,343,343,1.168327590832,492,66,37,345.653448413,66,37,345.653448413,0.000000000,true,true,1.000000000000,709424.440000,220760.780000,213628.620000,80197.913121,0,6,terminal,COMPUTATIONAL_SUBTREE_CANDIDATE_NOT_BIOLOGICAL_COMPARTMENT
422,720575940626979621,720575940625571465,709788,216608,215600,720575940625571465,post,dendrite,343,343,1.168327590832,492,116,100,81.019792798,116,100,81.019792798,0.000000000,true,true,0.799898455185,709840.387651,216560.896330,215640.012312,80502.524608,0,6,terminal,COMPUTATIONAL_SUBTREE_CANDIDATE_NOT_BIOLOGICAL_COMPARTMENT
423,720575940626979621,720575940625571465,709852,220610,214720,720575940625571465,post,dendrite,343,343,1.168327590832,492,46,64,278.373915496,46,64,278.373915496,0.000000000,true,true,0.588230399438,709746.773149,220361.361524,214652.189565,79528.230208,5,0,fork,COMPUTATIONAL_SUBTREE_CANDIDATE_NOT_BIOLOGICAL_COMPARTMENT
424,720575940626979621,720575940625571465,709892,219828,214000,720575940625571465,post,dendrite,343,343,1.168327590832,492,118,109,14.034359299,118,109,14.034359299,0.000000000,true,true,0.998078354603,709902.949538,219820.050269,214003.724600,76381.248794,5,6,fork,COMPUTATIONAL_SUBTREE_CANDIDATE_NOT_BIOLOGICAL_COMPARTMENT
425,720575940626979621,720575940625571465,709918,220768,214540,720575940625571465,post,dendrite,343,343,1.168327590832,492,46,64,454.447160839,46,64,454.447160839,0.000000000,true,true,0.552107656802,709722.260256,220372.611591,214648.977892,79501.068456,5,0,fork,COMPUTATIONAL_SUBTREE_CANDIDATE_NOT_BIOLOGICAL_COMPARTMENT
426,720575940626979621,720575940625571465,710078,220884,214120,720575940625571465,post,dendrite,343,343,1.168327590832,492,111,106,235.135742842,111,106,235.135742842,0.000000000,true,true,0.511423874968,710295.639101,220955.831185,214067.442221,76885.100235,5,6,fork,COMPUTATIONAL_SUBTREE_CANDIDATE_NOT_BIOLOGICAL_COMPARTMENT
427,720575940626979621,720575940625571465,710204,220252,214400,720575940625571465,post,dendrite,343,343,1.168327590832,492,64,68,76.736966320,64,68,76.736966320,0.000000000,true,true,1.000000000000,710152.800000,220195.580000,214409.160000,80147.101519,0,6,terminal,COMPUTATIONAL_SUBTREE_CANDIDATE_NOT_BIOLOGICAL_COMPARTMENT
428,720575940626979621,720575940625571465,710248,220946,214300,720575940625571465,post,dendrite,343,343,1.168327590832,492,111,106,100.118555899,111,106,100.118555899,0.000000000,true,true,0.824281458857,710344.088227,220962.573265,214277.282060,77100.566082,5,6,fork,COMPUTATIONAL_SUBTREE_CANDIDATE_NOT_BIOLOGICAL_COMPARTMENT
429,720575940626979621,720575940625571465,710276,220920,214040,720575940625571465,post,dendrite,343,343,1.168327590832,492,111,106,37.171914123,111,106,37.171914123,0.000000000,true,true,0.464578020563,710288.384552,220954.821656,214036.021770,76852.837371,5,6,fork,COMPUTATIONAL_SUBTREE_CANDIDATE_NOT_BIOLOGICAL_COMPARTMENT
430,720575940626979621,720575940625571465,710288,217028,215400,720575940625571465,post,dendrite,343,343,1.168327590832,492,140,116,59.104675419,140,116,59.104675419,0.000000000,true,true,0.201343962256,710333.816199,216990.915810,215404.359063,79772.143221,0,0,unlabeled_neurite,COMPUTATIONAL_SUBTREE_CANDIDATE_NOT_BIOLOGICAL_COMPARTMENT
431,720575940626979621,720575940625571465,710378,221264,214320,720575940625571465,post,dendrite,343,343,1.168327590832,492,124,113,31.412661886,124,113,31.412661886,0.000000000,true,true,0.995135353184,710406.313189,221260.635627,214333.183310,73695.820953,0,6,terminal,COMPUTATIONAL_SUBTREE_CANDIDATE_NOT_BIOLOGICAL_COMPARTMENT
432,720575940626979621,720575940625571465,710452,220456,213920,720575940625571465,post,dendrite,343,343,1.168327590832,492,118,108,146.457304580,118,108,146.457304580,0.000000000,true,true,0.908829368473,710387.904291,220502.259654,213796.705529,76043.961086,5,0,fork,COMPUTATIONAL_SUBTREE_CANDIDATE_NOT_BIOLOGICAL_COMPARTMENT
433,720575940626979621,720575940625571465,711954,218144,212840,720575940625571465,post,dendrite,343,343,1.168327590832,492,196,179,103.250168003,196,179,103.250168003,0.000000000,true,true,0.372150549653,711851.933306,218159.571809,212839.288724,84938.990969,0,0,unlabeled_neurite,COMPUTATIONAL_SUBTREE_CANDIDATE_NOT_BIOLOGICAL_COMPARTMENT
434,720575940626979621,720575940625571465,712466,218856,213140,720575940625571465,post,dendrite,343,343,1.168327590832,492,241,231,126.942869384,241,231,126.942869384,0.000000000,true,true,0.896950450218,712532.210461,218891.586410,213242.295036,76424.002961,0,0,unlabeled_neurite,COMPUTATIONAL_SUBTREE_CANDIDATE_NOT_BIOLOGICAL_COMPARTMENT
435,720575940626979621,720575940625571465,713304,217958,212800,720575940625571465,post,dendrite,343,343,1.168327590832,492,243,254,101.949453027,243,254,101.949453027,0.000000000,true,true,0.069673235474,713229.882932,217936.463718,212733.392644,82296.103561,5,0,fork,COMPUTATIONAL_SUBTREE_CANDIDATE_NOT_BIOLOGICAL_COMPARTMENT
436,720575940626979621,720575940632008007,790242,253158,216600,720575940632008007,post,dendrite,292,292,1.132085908818,596,326,335,230.549340159,326,335,230.549340159,0.000000000,true,true,0.995840686127,790133.006403,253200.521467,216798.658800,84083.569501,0,0,unlabeled_neurite,COMPUTATIONAL_SUBTREE_CANDIDATE_NOT_BIOLOGICAL_COMPARTMENT
437,720575940626979621,720575940632008007,790364,264418,209740,720575940632008007,post,dendrite,292,292,1.132085908818,596,361,350,31.114641248,361,350,31.114641248,0.000000000,true,true,1.000000000000,790367.400000,264445.970000,209753.200000,70404.352970,0,6,terminal,COMPUTATIONAL_SUBTREE_CANDIDATE_NOT_BIOLOGICAL_COMPARTMENT
438,720575940626979621,720575940632008007,790524,256972,210240,720575940632008007,post,dendrite,292,292,1.132085908818,596,400,386,8.898072361,400,386,8.898072361,0.000000000,true,true,0.916291236658,790525.888490,256963.934188,210236.751619,75834.396897,0,6,terminal,COMPUTATIONAL_SUBTREE_CANDIDATE_NOT_BIOLOGICAL_COMPARTMENT
439,720575940626979621,720575940632008007,790728,256680,210700,720575940632008007,post,dendrite,292,292,1.132085908818,596,431,426,305.808305232,431,426,305.808305232,0.000000000,true,true,0.249300524964,790948.236591,256857.365068,210816.431079,76225.148703,5,6,fork,COMPUTATIONAL_SUBTREE_CANDIDATE_NOT_BIOLOGICAL_COMPARTMENT
440,720575940626979621,720575940632008007,790778,266362,209640,720575940632008007,post,dendrite,292,292,1.132085908818,596,377,387,76.631014689,377,387,76.631014689,0.000000000,true,true,0.781547002670,790833.240260,266322.747449,209604.222026,70450.516635,0,6,terminal,COMPUTATIONAL_SUBTREE_CANDIDATE_NOT_BIOLOGICAL_COMPARTMENT
441,720575940626979621,720575940632008007,790802,255500,210960,720575940632008007,post,dendrite,292,292,1.132085908818,596,380,423,143.115125377,380,423,143.115125377,0.000000000,true,true,0.937953289811,790797.508131,255386.242027,211046.723041,77950.575387,5,6,fork,COMPUTATIONAL_SUBTREE_CANDIDATE_NOT_BIOLOGICAL_COMPARTMENT
442,720575940626979621,720575940632008007,790978,263644,210320,720575940632008007,post,dendrite,292,292,1.132085908818,596,443,414,70.347701407,443,414,70.347701407,0.000000000,true,true,0.945573292639,791039.810377,263646.711160,210353.480232,72616.430339,0,6,terminal,COMPUTATIONAL_SUBTREE_CANDIDATE_NOT_BIOLOGICAL_COMPARTMENT
443,720575940626979621,720575940632008007,790984,262782,210520,720575940632008007,post,dendrite,292,292,1.132085908818,596,527,443,105.028321119,527,443,105.028321119,0.000000000,true,true,0.160638391987,791064.365147,262773.647395,210452.898395,71735.813050,0,0,unlabeled_neurite,COMPUTATIONAL_SUBTREE_CANDIDATE_NOT_BIOLOGICAL_COMPARTMENT
444,720575940626979621,720575940632008007,791150,258900,210460,720575940632008007,post,dendrite,292,292,1.132085908818,596,493,460,95.073869193,493,460,95.073869193,0.000000000,true,true,0.162044337893,791171.579825,258835.211174,210526.149526,71791.695239,0,0,unlabeled_neurite,COMPUTATIONAL_SUBTREE_CANDIDATE_NOT_BIOLOGICAL_COMPARTMENT
445,720575940626979621,720575940632008007,792058,261870,209980,720575940632008007,post,dendrite,292,292,1.132085908818,596,444,502,57.027275419,444,502,57.027275419,0.000000000,true,true,0.772219350602,792038.798572,261921.988679,209966.561524,70579.673787,5,0,fork,COMPUTATIONAL_SUBTREE_CANDIDATE_NOT_BIOLOGICAL_COMPARTMENT
446,720575940626979621,720575940632008007,792716,262844,209540,720575940632008007,post,dendrite,292,292,1.132085908818,596,621,618,168.707797232,621,618,168.707797232,0.000000000,true,true,0.681935017904,792875.768084,262892.829886,209563.497283,72683.184905,5,0,fork,COMPUTATIONAL_SUBTREE_CANDIDATE_NOT_BIOLOGICAL_COMPARTMENT
447,720575940626979621,720575940632008007,792780,262520,210220,720575940632008007,post,dendrite,292,292,1.132085908818,596,520,602,117.149425913,520,602,117.149425913,0.000000000,true,true,0.882429039098,792672.061053,262533.032355,210263.627165,71705.885560,5,0,fork,COMPUTATIONAL_SUBTREE_CANDIDATE_NOT_BIOLOGICAL_COMPARTMENT
448,720575940628545643,720575940632008007,793926,259230,219240,720575940632008007,post,dendrite,292,292,1.132085908818,596,688,736,182.542229668,688,736,182.542229668,0.000000000,true,true,0.256950254633,793797.291649,259357.723345,219261.037422,79769.223281,0,0,unlabeled_neurite,COMPUTATIONAL_SUBTREE_CANDIDATE_NOT_BIOLOGICAL_COMPARTMENT
449,720575940628545643,720575940632008007,794214,259672,219620,720575940632008007,post,dendrite,292,292,1.132085908818,596,736,752,54.067284617,736,752,54.067284617,0.000000000,true,true,0.706464303881,794184.618779,259680.506412,219664.583136,80441.864114,0,6,terminal,COMPUTATIONAL_SUBTREE_CANDIDATE_NOT_BIOLOGICAL_COMPARTMENT
450,720575940628545643,720575940632008007,794242,260304,218800,720575940632008007,post,dendrite,292,292,1.132085908818,596,690,751,86.671963748,690,751,86.671963748,0.000000000,true,true,1.000000000000,794234.060000,260264.310000,218723.360000,79747.293342,0,6,terminal,COMPUTATIONAL_SUBTREE_CANDIDATE_NOT_BIOLOGICAL_COMPARTMENT
451,720575940628545643,720575940632008007,794918,260208,220260,720575940632008007,post,dendrite,292,292,1.132085908818,596,803,835,66.511155448,803,835,66.511155448,0.000000000,true,true,0.839475165601,794857.945397,260179.854239,220264.999460,86195.863826,0,6,terminal,COMPUTATIONAL_SUBTREE_CANDIDATE_NOT_BIOLOGICAL_COMPARTMENT
452,720575940628545643,720575940632008007,795038,260746,221240,720575940632008007,post,dendrite,292,292,1.132085908818,596,799,787,82.598684793,799,787,82.598684793,0.000000000,true,true,0.955155333096,794983.244304,260773.046699,221295.613241,86281.781583,0,6,terminal,COMPUTATIONAL_SUBTREE_CANDIDATE_NOT_BIOLOGICAL_COMPARTMENT
453,720575940628545643,720575940632008007,795134,259980,220520,720575940632008007,post,dendrite,292,292,1.132085908818,596,798,803,142.611904513,798,803,142.611904513,0.000000000,true,true,0.899345552747,795003.941093,259930.247575,220550.782009,85784.638508,0,0,unlabeled_neurite,COMPUTATIONAL_SUBTREE_CANDIDATE_NOT_BIOLOGICAL_COMPARTMENT
454,720575940628545643,720575940632008007,795304,261712,219480,720575940632008007,post,dendrite,292,292,1.132085908818,596,867,854,214.305641700,867,854,214.305641700,0.000000000,true,true,0.737474424877,795399.520092,261879.412987,219386.321231,83319.589700,5,0,fork,COMPUTATIONAL_SUBTREE_CANDIDATE_NOT_BIOLOGICAL_COMPARTMENT
455,720575940628545643,720575940632008007,795414,261034,218660,720575940632008007,post,dendrite,292,292,1.132085908818,596,853,850,37.680819703,853,850,37.680819703,0.000000000,true,true,0.952597016936,795376.447857,261034.999414,218657.053497,83595.796908,0,6,terminal,COMPUTATIONAL_SUBTREE_CANDIDATE_NOT_BIOLOGICAL_COMPARTMENT
456,720575940630799226,720575940632008007,790086,262646,214720,720575940632008007,post,dendrite,292,292,1.132085908818,596,355,344,236.532246710,355,344,236.532246710,0.000000000,true,true,0.174782725773,789907.127663,262492.353957,214701.423561,71497.302858,0,0,unlabeled_neurite,COMPUTATIONAL_SUBTREE_CANDIDATE_NOT_BIOLOGICAL_COMPARTMENT
457,720575940630799226,720575940632008007,791202,260110,217140,720575940632008007,post,dendrite,292,292,1.132085908818,596,415,401,285.365278371,415,401,285.365278371,0.000000000,true,true,1.000000000000,791026.800000,260285.550000,217281.140000,75653.653005,0,6,terminal,COMPUTATIONAL_SUBTREE_CANDIDATE_NOT_BIOLOGICAL_COMPARTMENT
458,720575940630799226,720575940632008007,791230,262956,216400,720575940632008007,post,dendrite,292,292,1.132085908818,596,440,453,637.408415422,440,453,637.408415422,0.000000000,true,true,0.380963116510,791278.110454,263549.717067,216173.119159,73316.825907,0,0,unlabeled_neurite,COMPUTATIONAL_SUBTREE_CANDIDATE_NOT_BIOLOGICAL_COMPARTMENT
459,720575940630799226,720575940632008007,791260,263326,216040,720575940632008007,post,dendrite,292,292,1.132085908818,596,410,440,140.639269575,410,440,140.639269575,0.000000000,true,true,0.682551114455,791262.432709,263445.923252,215966.570444,73077.673301,0,0,unlabeled_neurite,COMPUTATIONAL_SUBTREE_CANDIDATE_NOT_BIOLOGICAL_COMPARTMENT
460,720575940630799226,720575940632008007,791304,263300,215840,720575940632008007,post,dendrite,292,292,1.132085908818,596,410,440,60.804530997,410,440,60.804530997,0.000000000,true,true,0.255547262296,791285.747119,263348.164990,215807.686581,72889.672446,0,0,unlabeled_neurite,COMPUTATIONAL_SUBTREE_CANDIDATE_NOT_BIOLOGICAL_COMPARTMENT
461,720575940630799226,720575940632008007,791822,260716,216500,720575940632008007,post,dendrite,292,292,1.132085908818,596,416,420,48.591707111,416,420,48.591707111,0.000000000,true,true,1.000000000000,791781.440000,260696.020000,216482.200000,75629.606771,5,6,fork,COMPUTATIONAL_SUBTREE_CANDIDATE_NOT_BIOLOGICAL_COMPARTMENT
462,720575940630799226,720575940632008007,792270,260200,214280,720575940632008007,post,dendrite,292,292,1.132085908818,596,510,534,354.214978560,510,534,354.214978560,0.000000000,true,true,0.155873487946,792315.435763,259964.914978,214541.034241,76024.174994,5,0,fork,COMPUTATIONAL_SUBTREE_CANDIDATE_NOT_BIOLOGICAL_COMPARTMENT
463,720575940630799226,720575940632008007,792408,260420,215640,720575940632008007,post,dendrite,292,292,1.132085908818,596,556,553,278.032135506,556,553,278.032135506,0.000000000,true,true,0.152575251572,792270.689864,260195.636664,215730.049365,77236.535424,0,0,unlabeled_neurite,COMPUTATIONAL_SUBTREE_CANDIDATE_NOT_BIOLOGICAL_COMPARTMENT
464,720575940630799226,720575940632008007,792444,261556,215900,720575940632008007,post,dendrite,292,292,1.132085908818,596,463,507,32.466334872,463,507,32.466334872,0.000000000,true,true,1.000000000000,792423.560000,261581.220000,215899.530000,75245.736610,0,6,terminal,COMPUTATIONAL_SUBTREE_CANDIDATE_NOT_BIOLOGICAL_COMPARTMENT
465,720575940630799226,720575940632008007,792454,260286,214720,720575940632008007,post,dendrite,292,292,1.132085908818,596,510,533,388.502735627,510,533,388.502735627,0.000000000,true,true,0.819790843776,792201.942076,259991.299316,214743.509263,76059.411679,5,0,fork,COMPUTATIONAL_SUBTREE_CANDIDATE_NOT_BIOLOGICAL_COMPARTMENT
466,720575940630799226,720575940632008007,792670,264170,214460,720575940632008007,post,dendrite,292,292,1.132085908818,596,667,629,97.409843551,667,629,97.409843551,0.000000000,true,true,0.980446154983,792623.418342,264219.614522,214390.306198,76316.452546,5,6,fork,COMPUTATIONAL_SUBTREE_CANDIDATE_NOT_BIOLOGICAL_COMPARTMENT
467,720575940630799226,720575940632008007,792804,264054,215440,720575940632008007,post,dendrite,292,292,1.132085908818,596,484,606,49.018258789,484,606,49.018258789,0.000000000,true,true,0.952917551417,792844.811637,264036.576544,215460.823620,75509.611714,5,6,fork,COMPUTATIONAL_SUBTREE_CANDIDATE_NOT_BIOLOGICAL_COMPARTMENT
468,720575940630799226,720575940632008007,793724,263820,216740,720575940632008007,post,dendrite,292,292,1.132085908818,596,658,715,89.769614013,658,715,89.769614013,0.000000000,true,true,1.000000000000,793655.060000,263874.060000,216720.420000,76717.541905,0,0,unlabeled_neurite,COMPUTATIONAL_SUBTREE_CANDIDATE_NOT_BIOLOGICAL_COMPARTMENT
469,720575940630799226,720575940632008007,793976,262944,213340,720575940632008007,post,dendrite,292,292,1.132085908818,596,757,774,183.532815746,757,774,183.532815746,0.000000000,true,true,0.975776426938,794136.137942,262998.440432,213411.248672,76042.713346,5,0,fork,COMPUTATIONAL_SUBTREE_CANDIDATE_NOT_BIOLOGICAL_COMPARTMENT
470,720575940630799226,720575940632008007,793984,263968,214160,720575940632008007,post,dendrite,292,292,1.132085908818,596,761,764,52.590130544,761,764,52.590130544,0.000000000,true,true,0.983299427279,794024.094637,263990.035854,214134.066180,77408.934676,5,6,fork,COMPUTATIONAL_SUBTREE_CANDIDATE_NOT_BIOLOGICAL_COMPARTMENT
471,720575940630799226,720575940632008007,794788,260672,215240,720575940632008007,post,dendrite,292,292,1.132085908818,596,833,837,301.412765641,833,837,301.412765641,0.000000000,true,true,0.906335307760,794832.181089,260754.640917,215526.475419,78815.447365,5,0,fork,COMPUTATIONAL_SUBTREE_CANDIDATE_NOT_BIOLOGICAL_COMPARTMENT
472,720575940630799226,720575940632008007,794828,260820,214680,720575940632008007,post,dendrite,292,292,1.132085908818,596,809,832,132.128802708,809,832,132.128802708,0.000000000,true,true,0.977680828685,794854.720505,260862.871314,214557.909519,78298.301349,5,6,fork,COMPUTATIONAL_SUBTREE_CANDIDATE_NOT_BIOLOGICAL_COMPARTMENT
473,720575940630799226,720575940632008007,795008,263852,214600,720575940632008007,post,dendrite,292,292,1.132085908818,596,768,801,75.472761364,768,801,75.472761364,0.000000000,true,true,0.904962433272,794953.569173,263805.164812,214623.235488,78213.886220,0,6,terminal,COMPUTATIONAL_SUBTREE_CANDIDATE_NOT_BIOLOGICAL_COMPARTMENT
474,720575940631207468,720575940632008007,790998,258436,214200,720575940632008007,post,dendrite,292,292,1.132085908818,596,491,498,173.444748542,491,498,173.444748542,0.000000000,true,true,0.326933098460,791074.572890,258504.293675,214339.841507,75733.703239,0,0,unlabeled_neurite,COMPUTATIONAL_SUBTREE_CANDIDATE_NOT_BIOLOGICAL_COMPARTMENT
475,720575940631207468,720575940632008007,791306,258586,214500,720575940632008007,post,dendrite,292,292,1.132085908818,596,491,498,284.364215964,491,498,284.364215964,0.000000000,true,true,0.191087047952,791108.382256,258550.925549,214298.555176,75662.835997,0,0,unlabeled_neurite,COMPUTATIONAL_SUBTREE_CANDIDATE_NOT_BIOLOGICAL_COMPARTMENT
476,720575940631207468,720575940632008007,791778,258058,213460,720575940632008007,post,dendrite,292,292,1.132085908818,596,486,489,31.906971025,486,489,31.906971025,0.000000000,true,true,1.000000000000,791757.400000,258079.080000,213472.220000,75742.288581,0,6,terminal,COMPUTATIONAL_SUBTREE_CANDIDATE_NOT_BIOLOGICAL_COMPARTMENT
477,720575940631207468,720575940632008007,793336,257630,214620,720575940632008007,post,dendrite,292,292,1.132085908818,596,668,696,63.933667969,668,696,63.933667969,0.000000000,true,true,1.000000000000,793303.250000,257575.250000,214615.830000,79354.034781,5,6,fork,COMPUTATIONAL_SUBTREE_CANDIDATE_NOT_BIOLOGICAL_COMPARTMENT
478,720575940631207468,720575940632008007,793340,258044,215840,720575940632008007,post,dendrite,292,292,1.132085908818,596,648,684,163.649769376,648,684,163.649769376,0.000000000,true,true,0.397124434052,793202.733417,258106.685605,215776.678224,79481.910313,0,0,unlabeled_neurite,COMPUTATIONAL_SUBTREE_CANDIDATE_NOT_BIOLOGICAL_COMPARTMENT
479,720575940631207468,720575940632008007,793544,257548,214640,720575940632008007,post,dendrite,292,292,1.132085908818,596,695,729,40.087690131,695,729,40.087690131,0.000000000,true,true,1.000000000000,793567.060000,257515.670000,214634.520000,79686.596409,0,6,terminal,COMPUTATIONAL_SUBTREE_CANDIDATE_NOT_BIOLOGICAL_COMPARTMENT
480,720575940631207468,720575940632008007,793982,258296,213820,720575940632008007,post,dendrite,292,292,1.132085908818,596,682,721,200.719971016,682,721,200.719971016,0.000000000,true,true,0.578255123337,793830.146901,258165.280864,213808.098300,77880.229797,5,6,fork,COMPUTATIONAL_SUBTREE_CANDIDATE_NOT_BIOLOGICAL_COMPARTMENT
481,720575940632008007,720575940613101487,771876,262876,203420,720575940632008007,pre,axon_terminal,292,292,1.132085908818,596,80,74,314.038428381,292,298,18616.445108935,18302.406680554,false,false,0.000000000000,789149.700000,263182.660000,210355.220000,65820.054739,5,0,fork,COMPUTATIONAL_SUBTREE_CANDIDATE_NOT_BIOLOGICAL_COMPARTMENT
482,720575940632008007,720575940613101487,772454,261578,203160,720575940632008007,pre,axon_terminal,292,292,1.132085908818,596,93,82,344.733024818,292,298,18250.822530889,17906.089506071,false,false,0.000000000000,789149.700000,263182.660000,210355.220000,65820.054739,5,0,fork,COMPUTATIONAL_SUBTREE_CANDIDATE_NOT_BIOLOGICAL_COMPARTMENT
483,720575940632008007,720575940613101487,772872,261682,201280,720575940632008007,pre,axon_terminal,292,292,1.132085908818,596,113,101,660.259652712,292,298,18696.927976916,18036.668324204,false,false,0.000000000000,789149.700000,263182.660000,210355.220000,65820.054739,5,0,fork,COMPUTATIONAL_SUBTREE_CANDIDATE_NOT_BIOLOGICAL_COMPARTMENT
484,720575940632008007,720575940613101487,773836,260298,203760,720575940632008007,pre,axon_terminal,292,292,1.132085908818,596,114,123,354.519676134,292,298,16921.217386878,16566.697710745,false,false,0.000000000000,789149.700000,263182.660000,210355.220000,65820.054739,5,0,fork,COMPUTATIONAL_SUBTREE_CANDIDATE_NOT_BIOLOGICAL_COMPARTMENT
485,720575940632008007,720575940613101487,775118,263142,203900,720575940632008007,pre,axon_terminal,292,292,1.132085908818,596,147,154,414.262576113,292,298,15445.391654924,15031.129078811,false,false,0.000000000000,789149.700000,263182.660000,210355.220000,65820.054739,5,0,fork,COMPUTATIONAL_SUBTREE_CANDIDATE_NOT_BIOLOGICAL_COMPARTMENT
486,720575940632008007,720575940615933919,771942,262942,203640,720575940632008007,pre,axon_terminal,292,292,1.132085908818,596,80,74,247.895236319,292,298,18473.143646223,18225.248409904,false,false,0.000000000000,789149.700000,263182.660000,210355.220000,65820.054739,5,0,fork,COMPUTATIONAL_SUBTREE_CANDIDATE_NOT_BIOLOGICAL_COMPARTMENT
487,720575940632008007,720575940615933919,772252,257556,203880,720575940632008007,pre,axon_terminal,292,292,1.132085908818,596,87,78,228.235674838,292,298,18950.462846432,18722.227171594,false,false,0.000000000000,789149.700000,263182.660000,210355.220000,65820.054739,5,0,fork,COMPUTATIONAL_SUBTREE_CANDIDATE_NOT_BIOLOGICAL_COMPARTMENT
488,720575940632008007,720575940615933919,772550,261276,201860,720575940632008007,pre,axon_terminal,292,292,1.132085908818,596,101,92,36.443030769,292,298,18744.443317794,18708.000287025,false,false,0.000000000000,789149.700000,263182.660000,210355.220000,65820.054739,5,0,fork,COMPUTATIONAL_SUBTREE_CANDIDATE_NOT_BIOLOGICAL_COMPARTMENT
489,720575940632008007,720575940615933919,772736,261784,201460,720575940632008007,pre,axon_terminal,292,292,1.132085908818,596,113,101,598.778397239,292,298,18721.397819981,18122.619422742,false,false,0.000000000000,789149.700000,263182.660000,210355.220000,65820.054739,5,0,fork,COMPUTATIONAL_SUBTREE_CANDIDATE_NOT_BIOLOGICAL_COMPARTMENT
490,720575940632008007,720575940615933919,772876,257284,204400,720575940632008007,pre,axon_terminal,292,292,1.132085908818,596,103,97,503.000727584,292,298,18305.522301590,17802.521574006,false,false,0.000000000000,789149.700000,263182.660000,210355.220000,65820.054739,5,0,fork,COMPUTATIONAL_SUBTREE_CANDIDATE_NOT_BIOLOGICAL_COMPARTMENT
491,720575940632008007,720575940615933919,773078,251604,205800,720575940632008007,pre,axon_terminal,292,292,1.132085908818,596,107,98,424.333859570,317,305,17787.524790907,17363.190931336,false,false,0.090360627385,789533.785485,254461.948805,211918.438598,79243.813146,0,0,unlabeled_neurite,COMPUTATIONAL_SUBTREE_CANDIDATE_NOT_BIOLOGICAL_COMPARTMENT
492,720575940632008007,720575940615933919,774874,252306,205760,720575940632008007,pre,axon_terminal,292,292,1.132085908818,596,142,151,298.012784400,317,305,16044.702762089,15746.689977690,false,false,0.000000000000,789527.500000,254516.270000,211909.970000,79188.477654,0,0,unlabeled_neurite,COMPUTATIONAL_SUBTREE_CANDIDATE_NOT_BIOLOGICAL_COMPARTMENT
493,720575940632008007,720575940615933919,775466,252358,206760,720575940632008007,pre,axon_terminal,292,292,1.132085908818,596,143,141,514.643489992,317,305,15129.643176354,14614.999686362,false,false,0.000000000000,789527.500000,254516.270000,211909.970000,79188.477654,0,0,unlabeled_neurite,COMPUTATIONAL_SUBTREE_CANDIDATE_NOT_BIOLOGICAL_COMPARTMENT
494,720575940632008007,720575940615933919,775518,252326,206940,720575940632008007,pre,axon_terminal,292,292,1.132085908818,596,143,141,585.050142448,317,305,15025.444243809,14440.394101360,false,false,0.000000000000,789527.500000,254516.270000,211909.970000,79188.477654,0,0,unlabeled_neurite,COMPUTATIONAL_SUBTREE_CANDIDATE_NOT_BIOLOGICAL_COMPARTMENT
495,720575940632008007,720575940615933919,776124,257652,206740,720575940632008007,pre,axon_terminal,292,292,1.132085908818,596,175,177,357.561514418,292,298,14605.713819393,14248.152304975,false,false,0.000000000000,789149.700000,263182.660000,210355.220000,65820.054739,5,0,fork,COMPUTATIONAL_SUBTREE_CANDIDATE_NOT_BIOLOGICAL_COMPARTMENT
496,720575940632008007,720575940615933919,777006,255986,207520,720575940632008007,pre,axon_terminal,292,292,1.132085908818,596,195,196,186.707353968,317,305,13349.902813272,13163.195459303,false,false,0.000000000000,789527.500000,254516.270000,211909.970000,79188.477654,0,0,unlabeled_neurite,COMPUTATIONAL_SUBTREE_CANDIDATE_NOT_BIOLOGICAL_COMPARTMENT
497,720575940632008007,720575940615933919,777132,255350,207540,720575940632008007,pre,axon_terminal,292,292,1.132085908818,596,195,197,478.816925650,317,305,13169.668323986,12690.851398336,false,false,0.000000000000,789527.500000,254516.270000,211909.970000,79188.477654,0,0,unlabeled_neurite,COMPUTATIONAL_SUBTREE_CANDIDATE_NOT_BIOLOGICAL_COMPARTMENT
498,720575940632008007,720575940615933919,777244,255102,208400,720575940632008007,pre,axon_terminal,292,292,1.132085908818,596,200,198,331.513845103,317,305,12788.562909248,12457.049064145,false,false,0.000000000000,789527.500000,254516.270000,211909.970000,79188.477654,0,0,unlabeled_neurite,COMPUTATIONAL_SUBTREE_CANDIDATE_NOT_BIOLOGICAL_COMPARTMENT
499,720575940632008007,720575940615933919,777288,255148,208180,720575940632008007,pre,axon_terminal,292,292,1.132085908818,596,200,198,381.252353678,317,305,12810.820396985,12429.568043307,false,false,0.000000000000,789527.500000,254516.270000,211909.970000,79188.477654,0,0,unlabeled_neurite,COMPUTATIONAL_SUBTREE_CANDIDATE_NOT_BIOLOGICAL_COMPARTMENT
500,720575940632008007,720575940615933919,777402,254884,208640,720575940632008007,pre,axon_terminal,292,292,1.132085908818,596,198,201,460.852295819,317,305,12564.063013365,12103.210717546,false,false,0.000000000000,789527.500000,254516.270000,211909.970000,79188.477654,0,0,unlabeled_neurite,COMPUTATIONAL_SUBTREE_CANDIDATE_NOT_BIOLOGICAL_COMPARTMENT
501,720575940632008007,720575940615933919,778074,258246,208800,720575940632008007,pre,axon_terminal,292,292,1.132085908818,596,215,221,258.478401834,296,301,12198.390880477,11939.912478643,false,false,1.000000000000,789507.200000,262039.230000,210722.000000,67321.665648,0,0,unlabeled_neurite,COMPUTATIONAL_SUBTREE_CANDIDATE_NOT_BIOLOGICAL_COMPARTMENT
502,720575940632008007,720575940615933919,778414,257712,209240,720575940632008007,pre,axon_terminal,292,292,1.132085908818,596,221,222,479.514681736,338,317,11852.420600405,11372.905918669,false,false,0.000000000000,789665.100000,254885.830000,211670.100000,78726.908623,0,0,unlabeled_neurite,COMPUTATIONAL_SUBTREE_CANDIDATE_NOT_BIOLOGICAL_COMPARTMENT
503,720575940632008007,720575940615933919,778654,258344,209240,720575940632008007,pre,axon_terminal,292,292,1.132085908818,596,222,225,339.577773419,296,301,11560.406523687,11220.828750268,false,false,1.000000000000,789507.200000,262039.230000,210722.000000,67321.665648,0,0,unlabeled_neurite,COMPUTATIONAL_SUBTREE_CANDIDATE_NOT_BIOLOGICAL_COMPARTMENT
504,720575940632008007,720575940622323080,774784,252306,205680,720575940632008007,pre,axon_terminal,292,292,1.132085908818,596,142,151,310.863434584,317,305,16157.617767598,15846.754333014,false,false,0.000000000000,789527.500000,254516.270000,211909.970000,79188.477654,0,0,unlabeled_neurite,COMPUTATIONAL_SUBTREE_CANDIDATE_NOT_BIOLOGICAL_COMPARTMENT
505,720575940632008007,720575940622323080,776956,255612,208440,720575940632008007,pre,axon_terminal,292,292,1.132085908818,596,200,198,454.105163701,317,305,13087.548597190,12633.443433489,false,false,0.000000000000,789527.500000,254516.270000,211909.970000,79188.477654,0,0,unlabeled_neurite,COMPUTATIONAL_SUBTREE_CANDIDATE_NOT_BIOLOGICAL_COMPARTMENT
506,720575940632008007,720575940622323080,777016,255198,207600,720575940632008007,pre,axon_terminal,292,292,1.132085908818,596,197,200,467.460441854,317,305,13250.593550623,12783.133108768,false,false,0.000000000000,789527.500000,254516.270000,211909.970000,79188.477654,0,0,unlabeled_neurite,COMPUTATIONAL_SUBTREE_CANDIDATE_NOT_BIOLOGICAL_COMPARTMENT
507,720575940632008007,720575940622323080,777608,258576,206680,720575940632008007,pre,axon_terminal,292,292,1.132085908818,596,191,204,479.402218250,292,298,12959.143385811,12479.741167561,false,false,0.000000000000,789149.700000,263182.660000,210355.220000,65820.054739,5,0,fork,COMPUTATIONAL_SUBTREE_CANDIDATE_NOT_BIOLOGICAL_COMPARTMENT
508,720575940632008007,720575940622323080,777762,258114,208280,720575940632008007,pre,axon_terminal,292,292,1.132085908818,596,213,215,271.485136485,296,301,12622.223163647,12350.738027162,false,false,1.000000000000,789507.200000,262039.230000,210722.000000,67321.665648,0,0,unlabeled_neurite,COMPUTATIONAL_SUBTREE_CANDIDATE_NOT_BIOLOGICAL_COMPARTMENT
509,720575940632008007,720575940626979621,789414,254448,214620,720575940632008007,pre,axon_terminal,292,292,1.132085908818,596,332,309,407.303426733,332,309,407.303426733,0.000000000,true,true,0.406879536667,789322.608879,254826.133350,214740.660325,79885.617184,0,5,fork,COMPUTATIONAL_SUBTREE_CANDIDATE_NOT_BIOLOGICAL_COMPARTMENT
510,720575940632008007,720575940626979621,790816,261466,215540,720575940632008007,pre,axon_terminal,292,292,1.132085908818,596,351,368,393.288223457,351,368,393.288223457,0.000000000,true,true,0.206472952480,790644.509001,261125.955894,215638.165524,73166.590263,0,5,fork,COMPUTATIONAL_SUBTREE_CANDIDATE_NOT_BIOLOGICAL_COMPARTMENT
511,720575940632008007,720575940626979621,790962,256878,214520,720575940632008007,pre,axon_terminal,292,292,1.132085908818,596,407,406,389.412254627,407,406,389.412254627,0.000000000,true,true,0.165163363627,790768.983350,257151.390017,214719.108954,77287.132200,0,0,unlabeled_neurite,COMPUTATIONAL_SUBTREE_CANDIDATE_NOT_BIOLOGICAL_COMPARTMENT
512,720575940632008007,720575940626979621,791010,261292,215780,720575940632008007,pre,axon_terminal,292,292,1.132085908818,596,368,385,144.874069049,368,385,144.874069049,0.000000000,true,true,0.324544431894,791103.858956,261186.738451,215813.151148,73743.620037,5,0,fork,COMPUTATIONAL_SUBTREE_CANDIDATE_NOT_BIOLOGICAL_COMPARTMENT
513,720575940632008007,720575940626979621,791138,255414,213240,720575940632008007,pre,axon_terminal,292,292,1.132085908818,596,395,404,146.056563697,395,404,146.056563697,0.000000000,true,true,0.183851308480,791157.726856,255551.238696,213285.922883,77272.884276,5,0,fork,COMPUTATIONAL_SUBTREE_CANDIDATE_NOT_BIOLOGICAL_COMPARTMENT
514,720575940632008007,720575940626979621,791776,263506,216220,720575940632008007,pre,axon_terminal,292,292,1.132085908818,596,453,454,376.850303876,453,454,376.850303876,0.000000000,true,true,0.432773163081,791539.156538,263773.700862,216339.405087,73749.620001,0,5,fork,COMPUTATIONAL_SUBTREE_CANDIDATE_NOT_BIOLOGICAL_COMPARTMENT
515,720575940632008007,720575940626979621,791878,267958,215360,720575940632008007,pre,axon_terminal,292,292,1.132085908818,596,588,554,275.168555859,588,554,275.168555859,0.000000000,true,true,0.188761081693,792085.491532,268101.617090,215469.722969,77069.126160,5,0,fork,COMPUTATIONAL_SUBTREE_CANDIDATE_NOT_BIOLOGICAL_COMPARTMENT
516,720575940632008007,720575940626979621,791886,263442,215980,720575940632008007,pre,axon_terminal,292,292,1.132085908818,596,453,454,599.132559030,453,454,599.132559030,0.000000000,true,true,0.469774817847,791556.889581,263788.528165,216341.336943,73772.815729,0,5,fork,COMPUTATIONAL_SUBTREE_CANDIDATE_NOT_BIOLOGICAL_COMPARTMENT
517,720575940632008007,720575940626979621,791962,263728,215900,720575940632008007,pre,axon_terminal,292,292,1.132085908818,596,454,484,410.114496895,454,484,410.114496895,0.000000000,true,true,0.356019416055,792126.540008,264011.335244,216146.660953,74491.360392,5,5,fork,COMPUTATIONAL_SUBTREE_CANDIDATE_NOT_BIOLOGICAL_COMPARTMENT
518,720575940632008007,720575940626979621,792146,256410,208900,720575940632008007,pre,axon_terminal,292,292,1.132085908818,596,624,623,668.813504499,624,623,668.813504499,0.000000000,true,true,0.000000000000,792676.900000,256806.230000,208991.970000,75627.725547,0,0,unlabeled_neurite,COMPUTATIONAL_SUBTREE_CANDIDATE_NOT_BIOLOGICAL_COMPARTMENT
519,720575940632008007,720575940626979621,793086,268900,214500,720575940632008007,pre,axon_terminal,292,292,1.132085908818,596,616,612,411.635805330,616,612,411.635805330,0.000000000,true,true,0.018496332779,792835.024150,268673.349087,214734.700922,76022.538629,0,0,unlabeled_neurite,COMPUTATIONAL_SUBTREE_CANDIDATE_NOT_BIOLOGICAL_COMPARTMENT
520,720575940632008007,720575940627190556,771522,262976,203720,720575940632008007,pre,axon_terminal,292,292,1.132085908818,596,80,74,567.179455287,292,298,18836.259185252,18269.079729965,false,false,0.000000000000,789149.700000,263182.660000,210355.220000,65820.054739,5,0,fork,COMPUTATIONAL_SUBTREE_CANDIDATE_NOT_BIOLOGICAL_COMPARTMENT
521,720575940632008007,720575940627190556,772264,262510,203860,720575940632008007,pre,axon_terminal,292,292,1.132085908818,596,74,73,305.548664389,292,298,18104.342540230,17798.793875842,false,false,0.000000000000,789149.700000,263182.660000,210355.220000,65820.054739,5,0,fork,COMPUTATIONAL_SUBTREE_CANDIDATE_NOT_BIOLOGICAL_COMPARTMENT
522,720575940632008007,720575940627190556,772390,262068,202540,720575940632008007,pre,axon_terminal,292,292,1.132085908818,596,101,93,406.148170367,292,298,18525.865017699,18119.716847331,false,false,0.000000000000,789149.700000,263182.660000,210355.220000,65820.054739,5,0,fork,COMPUTATIONAL_SUBTREE_CANDIDATE_NOT_BIOLOGICAL_COMPARTMENT
523,720575940632008007,720575940627190556,772552,261262,202240,720575940632008007,pre,axon_terminal,292,292,1.132085908818,596,101,92,135.809559480,292,298,18574.966373428,18439.156813949,false,false,0.000000000000,789149.700000,263182.660000,210355.220000,65820.054739,5,0,fork,COMPUTATIONAL_SUBTREE_CANDIDATE_NOT_BIOLOGICAL_COMPARTMENT
524,720575940632008007,720575940627190556,772558,261356,201940,720575940632008007,pre,axon_terminal,292,292,1.132085908818,596,101,92,70.950003618,292,298,18693.237367936,18622.287364318,false,false,0.000000000000,789149.700000,263182.660000,210355.220000,65820.054739,5,0,fork,COMPUTATIONAL_SUBTREE_CANDIDATE_NOT_BIOLOGICAL_COMPARTMENT
525,720575940632008007,720575940627190556,772620,261592,203260,720575940632008007,pre,axon_terminal,292,292,1.132085908818,596,93,82,455.766934299,292,298,18058.331267700,17602.564333402,false,false,0.000000000000,789149.700000,263182.660000,210355.220000,65820.054739,5,0,fork,COMPUTATIONAL_SUBTREE_CANDIDATE_NOT_BIOLOGICAL_COMPARTMENT
526,720575940632008007,720575940627190556,772960,261830,201320,720575940632008007,pre,axon_terminal,292,292,1.132085908818,596,113,101,721.956570023,292,298,18589.547482766,17867.590912742,false,false,0.000000000000,789149.700000,263182.660000,210355.220000,65820.054739,5,0,fork,COMPUTATIONAL_SUBTREE_CANDIDATE_NOT_BIOLOGICAL_COMPARTMENT
527,720575940632008007,720575940629148007,772176,258164,204240,720575940632008007,pre,axon_terminal,292,292,1.132085908818,596,90,87,402.588431304,292,298,18726.701672585,18324.113241281,false,false,0.000000000000,789149.700000,263182.660000,210355.220000,65820.054739,5,0,fork,COMPUTATIONAL_SUBTREE_CANDIDATE_NOT_BIOLOGICAL_COMPARTMENT
528,720575940632008007,720575940629148007,772326,257808,205000,720575940632008007,pre,axon_terminal,292,292,1.132085908818,596,90,86,346.034040089,292,298,18455.412026124,18109.377986035,false,false,0.000000000000,789149.700000,263182.660000,210355.220000,65820.054739,5,0,fork,COMPUTATIONAL_SUBTREE_CANDIDATE_NOT_BIOLOGICAL_COMPARTMENT
529,720575940632008007,720575940629148007,772484,262138,202580,720575940632008007,pre,axon_terminal,292,292,1.132085908818,596,101,93,443.489706884,292,298,18419.851168074,17976.361461190,false,false,0.000000000000,789149.700000,263182.660000,210355.220000,65820.054739,5,0,fork,COMPUTATIONAL_SUBTREE_CANDIDATE_NOT_BIOLOGICAL_COMPARTMENT
530,720575940632008007,720575940629148007,772624,257804,205120,720575940632008007,pre,axon_terminal,292,292,1.132085908818,596,103,97,428.271994910,292,298,18150.379399175,17722.107404265,false,false,0.000000000000,789149.700000,263182.660000,210355.220000,65820.054739,5,0,fork,COMPUTATIONAL_SUBTREE_CANDIDATE_NOT_BIOLOGICAL_COMPARTMENT
531,720575940632008007,720575940629148007,774982,252814,206200,720575940632008007,pre,axon_terminal,292,292,1.132085908818,596,143,141,365.709579858,317,305,15718.557529360,15352.847949502,false,false,0.000000000000,789527.500000,254516.270000,211909.970000,79188.477654,0,0,unlabeled_neurite,COMPUTATIONAL_SUBTREE_CANDIDATE_NOT_BIOLOGICAL_COMPARTMENT
532,720575940632008007,720575940629148007,776492,259272,207540,720575940632008007,pre,axon_terminal,292,292,1.132085908818,596,188,190,51.730274537,292,298,13543.858186425,13492.127911888,false,false,0.000000000000,789149.700000,263182.660000,210355.220000,65820.054739,5,0,fork,COMPUTATIONAL_SUBTREE_CANDIDATE_NOT_BIOLOGICAL_COMPARTMENT
533,720575940632008007,720575940629148007,776870,254298,208280,720575940632008007,pre,axon_terminal,292,292,1.132085908818,596,201,207,291.991867106,317,305,13169.534169582,12877.542302476,false,false,0.000000000000,789527.500000,254516.270000,211909.970000,79188.477654,0,0,unlabeled_neurite,COMPUTATIONAL_SUBTREE_CANDIDATE_NOT_BIOLOGICAL_COMPARTMENT
534,720575940632008007,720575940629148007,777010,254160,208360,720575940632008007,pre,axon_terminal,292,292,1.132085908818,596,201,207,244.143885205,317,305,13016.029408533,12771.885523329,false,false,0.000000000000,789527.500000,254516.270000,211909.970000,79188.477654,0,0,unlabeled_neurite,COMPUTATIONAL_SUBTREE_CANDIDATE_NOT_BIOLOGICAL_COMPARTMENT
535,720575940632008007,720575940629148007,777960,258662,207520,720575940632008007,pre,axon_terminal,292,292,1.132085908818,596,212,213,354.656962284,292,298,12396.944195002,12042.287232718,false,false,0.000000000000,789149.700000,263182.660000,210355.220000,65820.054739,5,0,fork,COMPUTATIONAL_SUBTREE_CANDIDATE_NOT_BIOLOGICAL_COMPARTMENT
536,720575940632008007,720575940632504874,772306,258196,204020,720575940632008007,pre,axon_terminal,292,292,1.132085908818,596,90,87,389.613281840,292,298,18673.832496143,18284.219214302,false,false,0.000000000000,789149.700000,263182.660000,210355.220000,65820.054739,5,0,fork,COMPUTATIONAL_SUBTREE_CANDIDATE_NOT_BIOLOGICAL_COMPARTMENT
537,720575940632008007,720575940632504874,772536,257996,203640,720575940632008007,pre,axon_terminal,292,292,1.132085908818,596,87,78,420.336856224,292,298,18655.043535034,18234.706678809,false,false,0.000000000000,789149.700000,263182.660000,210355.220000,65820.054739,5,0,fork,COMPUTATIONAL_SUBTREE_CANDIDATE_NOT_BIOLOGICAL_COMPARTMENT
538,720575940632008007,720575940632504874,772588,262048,202500,720575940632008007,pre,axon_terminal,292,292,1.132085908818,596,101,93,425.118564462,292,298,18365.234587503,17940.116023041,false,false,0.000000000000,789149.700000,263182.660000,210355.220000,65820.054739,5,0,fork,COMPUTATIONAL_SUBTREE_CANDIDATE_NOT_BIOLOGICAL_COMPARTMENT
539,720575940632008007,720575940632504874,773032,257176,204500,720575940632008007,pre,axon_terminal,292,292,1.132085908818,596,97,89,580.359115139,292,298,18169.860178163,17589.501063024,false,false,0.000000000000,789149.700000,263182.660000,210355.220000,65820.054739,5,0,fork,COMPUTATIONAL_SUBTREE_CANDIDATE_NOT_BIOLOGICAL_COMPARTMENT
540,720575940632008007,720575940632504874,774588,262728,204180,720575940632008007,pre,axon_terminal,292,292,1.132085908818,596,147,154,609.507495614,292,298,15823.500391949,15213.992896334,false,false,0.000000000000,789149.700000,263182.660000,210355.220000,65820.054739,5,0,fork,COMPUTATIONAL_SUBTREE_CANDIDATE_NOT_BIOLOGICAL_COMPARTMENT
541,720575940632008007,720575940632504874,774864,252338,205840,720575940632008007,pre,axon_terminal,292,292,1.132085908818,596,142,151,224.016004416,317,305,16018.977128512,15794.961124097,false,false,0.000000000000,789527.500000,254516.270000,211909.970000,79188.477654,0,0,unlabeled_neurite,COMPUTATIONAL_SUBTREE_CANDIDATE_NOT_BIOLOGICAL_COMPARTMENT
542,720575940632008007,720575940632504874,775224,263118,203880,720575940632008007,pre,axon_terminal,292,292,1.132085908818,596,147,154,482.566037217,292,298,15357.661783423,14875.095746205,false,false,0.000000000000,789149.700000,263182.660000,210355.220000,65820.054739,5,0,fork,COMPUTATIONAL_SUBTREE_CANDIDATE_NOT_BIOLOGICAL_COMPARTMENT
543,720575940632008007,720575940632504874,775892,261338,205060,720575940632008007,pre,axon_terminal,292,292,1.132085908818,596,180,183,342.913634996,292,298,14394.746772833,14051.833137838,false,false,0.000000000000,789149.700000,263182.660000,210355.220000,65820.054739,5,0,fork,COMPUTATIONAL_SUBTREE_CANDIDATE_NOT_BIOLOGICAL_COMPARTMENT
544,720575940632008007,720575940632504874,776020,260518,204840,720575940632008007,pre,axon_terminal,292,292,1.132085908818,596,171,180,275.918692591,292,298,14488.170576508,14212.251883917,false,false,0.000000000000,789149.700000,263182.660000,210355.220000,65820.054739,5,0,fork,COMPUTATIONAL_SUBTREE_CANDIDATE_NOT_BIOLOGICAL_COMPARTMENT
545,720575940632008007,720575940632504874,776484,256150,207580,720575940632008007,pre,axon_terminal,292,292,1.132085908818,596,194,195,433.267859182,317,305,13840.180857337,13406.912998155,false,false,0.000000000000,789527.500000,254516.270000,211909.970000,79188.477654,0,0,unlabeled_neurite,COMPUTATIONAL_SUBTREE_CANDIDATE_NOT_BIOLOGICAL_COMPARTMENT
546,720575940632008007,720575940632504874,776538,259390,207520,720575940632008007,pre,axon_terminal,292,292,1.132085908818,596,188,190,164.715976440,292,298,13471.366642401,13306.650665961,false,false,0.000000000000,789149.700000,263182.660000,210355.220000,65820.054739,5,0,fork,COMPUTATIONAL_SUBTREE_CANDIDATE_NOT_BIOLOGICAL_COMPARTMENT
547,720575940632008007,720575940632504874,776670,259504,207300,720575940632008007,pre,axon_terminal,292,292,1.132085908818,596,186,188,270.443289679,292,298,13364.498521606,13094.055231927,false,false,0.000000000000,789149.700000,263182.660000,210355.220000,65820.054739,5,0,fork,COMPUTATIONAL_SUBTREE_CANDIDATE_NOT_BIOLOGICAL_COMPARTMENT
548,720575940632008007,720575940632504874,776872,256594,206300,720575940632008007,pre,axon_terminal,292,292,1.132085908818,596,172,189,467.607571000,338,317,13979.242696545,13511.635125545,false,false,0.000000000000,789665.100000,254885.830000,211670.100000,78726.908623,0,0,unlabeled_neurite,COMPUTATIONAL_SUBTREE_CANDIDATE_NOT_BIOLOGICAL_COMPARTMENT
549,720575940632008007,720575940632504874,777054,255318,207500,720575940632008007,pre,axon_terminal,292,292,1.132085908818,596,195,197,470.958914561,317,305,13254.388278748,12783.429364186,false,false,0.000000000000,789527.500000,254516.270000,211909.970000,79188.477654,0,0,unlabeled_neurite,COMPUTATIONAL_SUBTREE_CANDIDATE_NOT_BIOLOGICAL_COMPARTMENT
550,720575940632008007,720575940632504874,777250,255136,208080,720575940632008007,pre,axon_terminal,292,292,1.132085908818,596,200,198,374.095235423,317,305,12875.936537736,12501.841302312,false,false,0.000000000000,789527.500000,254516.270000,211909.970000,79188.477654,0,0,unlabeled_neurite,COMPUTATIONAL_SUBTREE_CANDIDATE_NOT_BIOLOGICAL_COMPARTMENT
551,720575940632008007,720575940632504874,777636,258398,206860,720575940632008007,pre,axon_terminal,292,292,1.132085908818,596,204,212,422.681428192,292,298,12948.931301617,12526.249873425,false,false,0.000000000000,789149.700000,263182.660000,210355.220000,65820.054739,5,0,fork,COMPUTATIONAL_SUBTREE_CANDIDATE_NOT_BIOLOGICAL_COMPARTMENT
552,720575940632008007,720575940632504874,777886,258098,208200,720575940632008007,pre,axon_terminal,292,292,1.132085908818,596,213,215,165.379994946,296,301,12527.811754369,12362.431759423,false,false,1.000000000000,789507.200000,262039.230000,210722.000000,67321.665648,0,0,unlabeled_neurite,COMPUTATIONAL_SUBTREE_CANDIDATE_NOT_BIOLOGICAL_COMPARTMENT
553,720575940632008007,720575940632504874,778072,258572,207580,720575940632008007,pre,axon_terminal,292,292,1.132085908818,596,212,213,407.667366316,292,298,12315.659502195,11907.992135879,false,false,0.000000000000,789149.700000,263182.660000,210355.220000,65820.054739,5,0,fork,COMPUTATIONAL_SUBTREE_CANDIDATE_NOT_BIOLOGICAL_COMPARTMENT
554,720575940632008007,720575940632504874,778556,258324,209280,720575940632008007,pre,axon_terminal,292,292,1.132085908818,596,221,222,357.833271349,296,301,11653.801070591,11295.967799242,false,false,1.000000000000,789507.200000,262039.230000,210722.000000,67321.665648,0,0,unlabeled_neurite,COMPUTATIONAL_SUBTREE_CANDIDATE_NOT_BIOLOGICAL_COMPARTMENT
555,720575940632008007,720575940632504874,778986,258218,208620,720575940632008007,pre,axon_terminal,292,292,1.132085908818,596,222,225,212.642392516,296,301,11389.286727135,11176.644334619,false,false,1.000000000000,789507.200000,262039.230000,210722.000000,67321.665648,0,0,unlabeled_neurite,COMPUTATIONAL_SUBTREE_CANDIDATE_NOT_BIOLOGICAL_COMPARTMENT
556,720575940632008007,720575940639209956,772074,257684,203980,720575940632008007,pre,axon_terminal,292,292,1.132085908818,596,90,87,231.553699804,292,298,19038.335597788,18806.781897984,false,false,0.000000000000,789149.700000,263182.660000,210355.220000,65820.054739,5,0,fork,COMPUTATIONAL_SUBTREE_CANDIDATE_NOT_BIOLOGICAL_COMPARTMENT
557,720575940632008007,720575940639209956,772172,258156,203940,720575940632008007,pre,axon_terminal,292,292,1.132085908818,596,87,78,357.219863529,292,298,18832.542464946,18475.322601417,false,false,0.000000000000,789149.700000,263182.660000,210355.220000,65820.054739,5,0,fork,COMPUTATIONAL_SUBTREE_CANDIDATE_NOT_BIOLOGICAL_COMPARTMENT
558,720575940632008007,720575940639209956,772314,257772,205160,720575940632008007,pre,axon_terminal,292,292,1.132085908818,596,90,86,378.933797873,292,298,18431.124408836,18052.190610963,false,false,0.000000000000,789149.700000,263182.660000,210355.220000,65820.054739,5,0,fork,COMPUTATIONAL_SUBTREE_CANDIDATE_NOT_BIOLOGICAL_COMPARTMENT
559,720575940632008007,720575940639209956,772534,257732,205180,720575940632008007,pre,axon_terminal,292,292,1.132085908818,596,103,97,469.121313255,292,298,18236.613802293,17767.492489038,false,false,0.000000000000,789149.700000,263182.660000,210355.220000,65820.054739,5,0,fork,COMPUTATIONAL_SUBTREE_CANDIDATE_NOT_BIOLOGICAL_COMPARTMENT
560,720575940632008007,720575940639209956,772836,257226,204520,720575940632008007,pre,axon_terminal,292,292,1.132085908818,596,97,89,432.129112827,292,298,18321.255374400,17889.126261573,false,false,0.000000000000,789149.700000,263182.660000,210355.220000,65820.054739,5,0,fork,COMPUTATIONAL_SUBTREE_CANDIDATE_NOT_BIOLOGICAL_COMPARTMENT
561,720575940632008007,720575940639209956,774486,262798,204060,720575940632008007,pre,axon_terminal,292,292,1.132085908818,596,147,154,508.142082404,292,298,15962.514083126,15454.372000722,false,false,0.000000000000,789149.700000,263182.660000,210355.220000,65820.054739,5,0,fork,COMPUTATIONAL_SUBTREE_CANDIDATE_NOT_BIOLOGICAL_COMPARTMENT
562,720575940632008007,720575940639209956,774530,262830,203880,720575940632008007,pre,axon_terminal,292,292,1.132085908818,596,147,154,384.188608032,292,298,15993.388359381,15609.199751350,false,false,0.000000000000,789149.700000,263182.660000,210355.220000,65820.054739,5,0,fork,COMPUTATIONAL_SUBTREE_CANDIDATE_NOT_BIOLOGICAL_COMPARTMENT
563,720575940632008007,720575940639209956,774678,262536,203980,720575940632008007,pre,axon_terminal,292,292,1.132085908818,596,147,154,614.734497003,292,298,15826.929585172,15212.195088170,false,false,0.000000000000,789149.700000,263182.660000,210355.220000,65820.054739,5,0,fork,COMPUTATIONAL_SUBTREE_CANDIDATE_NOT_BIOLOGICAL_COMPARTMENT
564,720575940632008007,720575940639209956,775090,262480,203980,720575940632008007,pre,axon_terminal,292,292,1.132085908818,596,147,155,627.768932344,292,298,15453.553805323,14825.784872979,false,false,0.000000000000,789149.700000,263182.660000,210355.220000,65820.054739,5,0,fork,COMPUTATIONAL_SUBTREE_CANDIDATE_NOT_BIOLOGICAL_COMPARTMENT
565,720575940633448479,720575940617782941,718244,243358,226360,720575940617782941,post,dendrite,323,323,1.292496110721,362,393,390,118.474244198,235,224,23860.004727336,23741.530483138,false,false,0.000000000000,712953.250000,223324.340000,214529.520000,64716.973492,0,6,terminal,COMPUTATIONAL_SUBTREE_CANDIDATE_NOT_BIOLOGICAL_COMPARTMENT
566,720575940633448479,720575940617782941,718434,243506,226640,720575940617782941,post,dendrite,323,323,1.292496110721,362,401,393,374.921923761,235,224,24166.128087646,23791.206163885,false,false,0.000000000000,712953.250000,223324.340000,214529.520000,64716.973492,0,6,terminal,COMPUTATIONAL_SUBTREE_CANDIDATE_NOT_BIOLOGICAL_COMPARTMENT
567,720575940633448479,720575940617782941,718818,243330,226260,720575940617782941,post,dendrite,323,323,1.292496110721,362,401,393,285.531008544,235,224,23921.243396373,23635.712387828,false,false,0.000000000000,712953.250000,223324.340000,214529.520000,64716.973492,0,6,terminal,COMPUTATIONAL_SUBTREE_CANDIDATE_NOT_BIOLOGICAL_COMPARTMENT
568,720575940633448479,720575940617782941,722934,228574,226040,720575940617782941,post,dendrite,323,323,1.292496110721,362,486,477,393.156874288,246,235,16095.964326535,15702.807452247,false,false,0.000000000000,712975.750000,222824.750000,214776.810000,64159.076761,0,0,unlabeled_neurite,COMPUTATIONAL_SUBTREE_CANDIDATE_NOT_BIOLOGICAL_COMPARTMENT
569,720575940633448479,720575940617782941,722998,227998,226300,720575940617782941,post,dendrite,323,323,1.292496110721,362,486,477,848.889962127,246,235,16124.264894906,15275.374932779,false,false,0.000000000000,712975.750000,222824.750000,214776.810000,64159.076761,0,0,unlabeled_neurite,COMPUTATIONAL_SUBTREE_CANDIDATE_NOT_BIOLOGICAL_COMPARTMENT
570,720575940634612194,720575940632008007,773800,251204,207220,720575940632008007,post,dendrite,292,292,1.132085908818,596,144,131,307.325424206,317,305,16726.652746195,16419.327321989,false,false,1.000000000000,789597.060000,253915.110000,212003.690000,79800.862646,0,0,unlabeled_neurite,COMPUTATIONAL_SUBTREE_CANDIDATE_NOT_BIOLOGICAL_COMPARTMENT
571,720575940634612194,720575940632008007,776100,258262,206980,720575940632008007,post,dendrite,292,292,1.132085908818,596,174,175,422.434201118,292,298,14349.204680887,13926.770479769,false,false,0.000000000000,789149.700000,263182.660000,210355.220000,65820.054739,5,0,fork,COMPUTATIONAL_SUBTREE_CANDIDATE_NOT_BIOLOGICAL_COMPARTMENT
572,720575940634612194,720575940632008007,777000,256088,207700,720575940632008007,post,dendrite,292,292,1.132085908818,596,195,196,139.467539804,317,305,13309.111121476,13169.643581672,false,false,0.000000000000,789527.500000,254516.270000,211909.970000,79188.477654,0,0,unlabeled_neurite,COMPUTATIONAL_SUBTREE_CANDIDATE_NOT_BIOLOGICAL_COMPARTMENT
573,720575940634612194,720575940632008007,777314,255430,208020,720575940632008007,post,dendrite,292,292,1.132085908818,596,197,200,472.552454607,317,305,12850.538952270,12377.986497663,false,false,0.000000000000,789527.500000,254516.270000,211909.970000,79188.477654,0,0,unlabeled_neurite,COMPUTATIONAL_SUBTREE_CANDIDATE_NOT_BIOLOGICAL_COMPARTMENT
574,720575940634612194,720575940632008007,779594,258170,208340,720575940632008007,post,dendrite,292,292,1.132085908818,596,222,225,455.629424972,296,301,10904.879597359,10449.250172388,false,false,1.000000000000,789507.200000,262039.230000,210722.000000,67321.665648,0,0,unlabeled_neurite,COMPUTATIONAL_SUBTREE_CANDIDATE_NOT_BIOLOGICAL_COMPARTMENT
575,720575940635066798,720575940617782941,712506,218546,213380,720575940617782941,post,dendrite,323,323,1.292496110721,362,206,182,216.241430119,206,182,216.241430119,0.000000000,true,true,0.000000000000,712341.940000,218422.310000,213447.420000,57909.753508,0,0,unlabeled_neurite,COMPUTATIONAL_SUBTREE_CANDIDATE_NOT_BIOLOGICAL_COMPARTMENT
576,720575940635066798,720575940617782941,712752,218316,213240,720575940617782941,post,dendrite,323,323,1.292496110721,362,259,236,315.851459323,259,236,315.851459323,0.000000000,true,true,0.788830339839,712583.737773,218103.833346,213402.589294,57500.139570,5,5,fork,COMPUTATIONAL_SUBTREE_CANDIDATE_NOT_BIOLOGICAL_COMPARTMENT
577,720575940635066798,720575940617782941,713408,217988,213680,720575940617782941,post,dendrite,323,323,1.292496110721,362,259,237,86.098529034,259,237,86.098529034,0.000000000,true,true,0.793845503327,713433.462633,217992.856057,213597.896226,57696.645715,5,0,fork,COMPUTATIONAL_SUBTREE_CANDIDATE_NOT_BIOLOGICAL_COMPARTMENT
578,720575940635066798,720575940617782941,713952,220280,212360,720575940617782941,post,dendrite,323,323,1.292496110721,362,255,288,179.764497879,255,288,179.764497879,0.000000000,true,true,0.563244664667,713803.513774,220364.545053,212415.850239,61185.756052,5,0,fork,COMPUTATIONAL_SUBTREE_CANDIDATE_NOT_BIOLOGICAL_COMPARTMENT
579,720575940635066798,720575940617782941,714070,219846,211940,720575940617782941,post,dendrite,323,323,1.292496110721,362,289,295,71.122860601,289,295,71.122860601,0.000000000,true,true,1.000000000000,714000.500000,219830.970000,211938.480000,61644.125623,5,6,fork,COMPUTATIONAL_SUBTREE_CANDIDATE_NOT_BIOLOGICAL_COMPARTMENT
580,720575940635066798,720575940617782941,714086,220104,212860,720575940617782941,post,dendrite,323,323,1.292496110721,362,289,294,55.673258264,289,294,55.673258264,0.000000000,true,true,0.850894680476,714054.727254,220149.782990,212865.044286,61805.282777,5,6,fork,COMPUTATIONAL_SUBTREE_CANDIDATE_NOT_BIOLOGICAL_COMPARTMENT
581,720575940635066798,720575940617782941,714402,218412,213520,720575940617782941,post,dendrite,323,323,1.292496110721,362,276,312,195.593421235,276,312,195.593421235,0.000000000,true,true,0.957462963724,714272.194378,218419.340959,213373.871983,58803.201821,5,0,fork,COMPUTATIONAL_SUBTREE_CANDIDATE_NOT_BIOLOGICAL_COMPARTMENT
582,720575940635066798,720575940617782941,714572,217460,213560,720575940617782941,post,dendrite,323,323,1.292496110721,362,276,311,53.822578303,276,311,53.822578303,0.000000000,true,true,0.966902193389,714527.162142,217430.689662,213565.228814,59166.141978,5,6,fork,COMPUTATIONAL_SUBTREE_CANDIDATE_NOT_BIOLOGICAL_COMPARTMENT
583,720575940635066798,720575940617782941,714920,219694,211540,720575940617782941,post,dendrite,323,323,1.292496110721,362,335,342,137.502070166,335,342,137.502070166,0.000000000,true,true,1.000000000000,714997.000000,219694.230000,211426.080000,61941.743703,5,6,fork,COMPUTATIONAL_SUBTREE_CANDIDATE_NOT_BIOLOGICAL_COMPARTMENT
584,720575940635066798,720575940617782941,714972,219352,211620,720575940617782941,post,dendrite,323,323,1.292496110721,362,338,335,336.024328054,338,335,336.024328054,0.000000000,true,true,0.110729019962,714859.042641,219210.538231,211336.907167,61260.010455,0,5,fork,COMPUTATIONAL_SUBTREE_CANDIDATE_NOT_BIOLOGICAL_COMPARTMENT
585,720575940635066798,720575940617782941,715502,220714,211660,720575940617782941,post,dendrite,323,323,1.292496110721,362,372,362,54.491844632,372,362,54.491844632,0.000000000,true,true,0.871207094499,715499.980352,220681.607104,211616.228063,63392.427051,0,6,terminal,COMPUTATIONAL_SUBTREE_CANDIDATE_NOT_BIOLOGICAL_COMPARTMENT
586,720575940635066798,720575940625571465,712506,218656,213340,720575940625571465,post,dendrite,343,343,1.168327590832,492,231,219,134.643652215,231,219,134.643652215,0.000000000,true,true,0.606739563835,712402.063272,218731.038633,213298.826304,76641.421949,0,6,terminal,COMPUTATIONAL_SUBTREE_CANDIDATE_NOT_BIOLOGICAL_COMPARTMENT
587,720575940635066798,720575940625571465,712704,218336,213160,720575940625571465,post,dendrite,343,343,1.168327590832,492,216,234,369.278194997,216,234,369.278194997,0.000000000,true,true,1.000000000000,712938.750000,218062.420000,213240.080000,81691.174385,5,0,fork,COMPUTATIONAL_SUBTREE_CANDIDATE_NOT_BIOLOGICAL_COMPARTMENT
588,720575940635066798,720575940625571465,712944,218174,213240,720575940625571465,post,dendrite,343,343,1.168327590832,492,216,234,111.703470403,216,234,111.703470403,0.000000000,true,true,1.000000000000,712938.750000,218062.420000,213240.080000,81691.174385,5,0,fork,COMPUTATIONAL_SUBTREE_CANDIDATE_NOT_BIOLOGICAL_COMPARTMENT
589,720575940635066798,720575940625571465,713014,219294,212700,720575940625571465,post,dendrite,343,343,1.168327590832,492,212,241,48.020080536,212,241,48.020080536,0.000000000,true,true,0.155638363068,713003.729535,219337.501797,212717.551051,75581.410716,5,0,fork,COMPUTATIONAL_SUBTREE_CANDIDATE_NOT_BIOLOGICAL_COMPARTMENT
590,720575940635066798,720575940625571465,713194,219326,212540,720575940625571465,post,dendrite,343,343,1.168327590832,492,212,240,91.563321956,212,240,91.563321956,0.000000000,true,true,0.195580973690,713179.181888,219414.381120,212558.789441,75671.571928,5,0,fork,COMPUTATIONAL_SUBTREE_CANDIDATE_NOT_BIOLOGICAL_COMPARTMENT
591,720575940635066798,720575940625571465,713208,217956,213860,720575940625571465,post,dendrite,343,343,1.168327590832,492,198,215,49.649122852,198,215,49.649122852,0.000000000,true,true,1.000000000000,713203.400000,217910.250000,213841.270000,81462.291779,5,6,fork,COMPUTATIONAL_SUBTREE_CANDIDATE_NOT_BIOLOGICAL_COMPARTMENT
592,720575940635066798,720575940625571465,714038,220080,212960,720575940625571465,post,dendrite,343,343,1.168327590832,492,277,282,305.324130065,277,282,305.324130065,0.000000000,true,true,1.000000000000,713769.200000,220163.400000,213078.380000,74760.235564,0,6,terminal,COMPUTATIONAL_SUBTREE_CANDIDATE_NOT_BIOLOGICAL_COMPARTMENT
593,720575940635066798,720575940625571465,714084,219748,211920,720575940625571465,post,dendrite,343,343,1.168327590832,492,240,264,194.092105692,240,264,194.092105692,0.000000000,true,true,0.829332486732,714070.826025,219554.802386,211933.148148,76790.650597,0,0,unlabeled_neurite,COMPUTATIONAL_SUBTREE_CANDIDATE_NOT_BIOLOGICAL_COMPARTMENT
594,720575940635066798,720575940625571465,714302,218714,213760,720575940625571465,post,dendrite,343,343,1.168327590832,492,278,298,316.197883525,278,298,316.197883525,0.000000000,true,true,0.223022552178,714413.986922,219000.169124,213834.479955,74234.396934,0,0,unlabeled_neurite,COMPUTATIONAL_SUBTREE_CANDIDATE_NOT_BIOLOGICAL_COMPARTMENT
595,720575940635066798,720575940625571465,714302,219704,211700,720575940625571465,post,dendrite,343,343,1.168327590832,492,264,292,110.597675074,264,292,110.597675074,0.000000000,true,true,0.635551266342,714309.709565,219595.309006,211681.061250,77148.391029,0,6,terminal,COMPUTATIONAL_SUBTREE_CANDIDATE_NOT_BIOLOGICAL_COMPARTMENT
596,720575940635066798,720575940625571465,714444,218552,213580,720575940625571465,post,dendrite,343,343,1.168327590832,492,278,298,460.513348509,278,298,460.513348509,0.000000000,true,true,0.669896211145,714553.719846,218994.096110,213647.713578,74467.728996,0,0,unlabeled_neurite,COMPUTATIONAL_SUBTREE_CANDIDATE_NOT_BIOLOGICAL_COMPARTMENT
597,720575940635066798,720575940625571465,714444,219716,211600,720575940625571465,post,dendrite,343,343,1.168327590832,492,264,292,109.124996220,264,292,109.124996220,0.000000000,true,true,1.000000000000,714403.300000,219623.080000,211559.780000,77304.081552,0,6,terminal,COMPUTATIONAL_SUBTREE_CANDIDATE_NOT_BIOLOGICAL_COMPARTMENT
598,720575940635066798,720575940625571465,714448,219138,213300,720575940625571465,post,dendrite,343,343,1.168327590832,492,314,307,319.327815888,314,307,319.327815888,0.000000000,true,true,1.000000000000,714559.060000,218916.020000,213099.100000,77901.210486,5,6,fork,COMPUTATIONAL_SUBTREE_CANDIDATE_NOT_BIOLOGICAL_COMPARTMENT
599,720575940635066798,720575940625571465,714458,219316,211960,720575940625571465,post,dendrite,343,343,1.168327590832,492,314,306,181.162937497,314,306,181.162937497,0.000000000,true,true,0.891857997278,714565.684932,219174.568732,211925.054872,77766.264707,5,0,fork,COMPUTATIONAL_SUBTREE_CANDIDATE_NOT_BIOLOGICAL_COMPARTMENT
600,720575940635066798,720575940625571465,714512,219364,213560,720575940625571465,post,dendrite,343,343,1.168327590832,492,278,298,380.783364931,278,298,380.783364931,0.000000000,true,true,0.738070648174,714575.037311,218993.169620,213619.220753,74503.325818,0,0,unlabeled_neurite,COMPUTATIONAL_SUBTREE_CANDIDATE_NOT_BIOLOGICAL_COMPARTMENT
601,720575940635066798,720575940625571465,714530,219014,213000,720575940625571465,post,dendrite,343,343,1.168327590832,492,314,307,79.676372513,314,307,79.676372513,0.000000000,true,true,0.826710577364,714577.764860,218951.346782,212988.108125,77783.239940,5,6,fork,COMPUTATIONAL_SUBTREE_CANDIDATE_NOT_BIOLOGICAL_COMPARTMENT
602,720575940635066798,720575940625571465,714574,219218,212120,720575940625571465,post,dendrite,343,343,1.168327590832,492,314,306,68.619648069,314,306,68.619648069,0.000000000,true,true,0.585080643172,714600.534839,219155.757145,212108.581356,77578.513908,5,0,fork,COMPUTATIONAL_SUBTREE_CANDIDATE_NOT_BIOLOGICAL_COMPARTMENT
603,720575940635066798,720575940625571465,714698,217408,213580,720575940625571465,post,dendrite,343,343,1.168327590832,492,291,289,120.358635981,291,289,120.358635981,0.000000000,true,true,0.846238127246,714743.890072,217329.035971,213658.389952,83938.355917,0,6,terminal,COMPUTATIONAL_SUBTREE_CANDIDATE_NOT_BIOLOGICAL_COMPARTMENT
604,720575940635066798,720575940625571465,715104,219810,211620,720575940625571465,post,dendrite,343,343,1.168327590832,492,312,318,285.174510082,312,318,285.174510082,0.000000000,true,true,0.313697199328,715358.963115,219697.752872,211680.982730,77924.077160,0,0,unlabeled_neurite,COMPUTATIONAL_SUBTREE_CANDIDATE_NOT_BIOLOGICAL_COMPARTMENT
605,720575940635066798,720575940625571465,715146,219434,211700,720575940625571465,post,dendrite,343,343,1.168327590832,492,315,312,124.890065681,315,312,124.890065681,0.000000000,true,true,0.843960995104,715246.468193,219469.462395,211765.162023,77633.963907,0,0,unlabeled_neurite,COMPUTATIONAL_SUBTREE_CANDIDATE_NOT_BIOLOGICAL_COMPARTMENT
606,720575940635066798,720575940625571465,715418,220780,211660,720575940625571465,post,dendrite,343,343,1.168327590832,492,320,331,147.896789545,320,331,147.896789545,0.000000000,true,true,0.827172304248,715515.182246,220859.591915,211581.934653,79280.849358,0,0,unlabeled_neurite,COMPUTATIONAL_SUBTREE_CANDIDATE_NOT_BIOLOGICAL_COMPARTMENT
607,720575940638729048,720575940616224414,788018,277872,205120,720575940616224414,post,dendrite,358,358,1.145802863923,570,448,425,19.862684017,448,425,19.862684017,0.000000000,true,true,0.590742845652,788021.584241,277886.882218,205132.656975,92745.606143,0,0,unlabeled_neurite,COMPUTATIONAL_SUBTREE_CANDIDATE_NOT_BIOLOGICAL_COMPARTMENT
608,720575940638729048,720575940616224414,788194,277798,205220,720575940616224414,post,dendrite,358,358,1.145802863923,570,448,425,39.626734886,448,425,39.626734886,0.000000000,true,true,0.224062438191,788205.386462,277800.539982,205182.129496,92536.594735,0,0,unlabeled_neurite,COMPUTATIONAL_SUBTREE_CANDIDATE_NOT_BIOLOGICAL_COMPARTMENT
609,720575940638729048,720575940616224414,788780,277990,199840,720575940616224414,post,dendrite,358,358,1.145802863923,570,477,458,181.501275179,477,458,181.501275179,0.000000000,true,true,0.503615929232,788690.013446,277972.703559,199683.328477,95400.512195,5,0,fork,COMPUTATIONAL_SUBTREE_CANDIDATE_NOT_BIOLOGICAL_COMPARTMENT
610,720575940638729048,720575940616224414,789590,278624,201980,720575940616224414,post,dendrite,358,358,1.145802863923,570,534,486,30.442952624,534,486,30.442952624,0.000000000,true,true,0.927847449543,789597.518769,278651.409126,201969.092144,94761.466733,5,6,fork,COMPUTATIONAL_SUBTREE_CANDIDATE_NOT_BIOLOGICAL_COMPARTMENT
611,720575940638729048,720575940616224414,789956,278372,201600,720575940616224414,post,dendrite,358,358,1.145802863923,570,598,564,286.740508647,598,564,286.740508647,0.000000000,true,true,0.067216484288,789934.985653,278384.919729,201314.322565,93269.921568,0,5,fork,COMPUTATIONAL_SUBTREE_CANDIDATE_NOT_BIOLOGICAL_COMPARTMENT
612,720575940639209956,720575940632008007,772044,257646,203000,720575940632008007,post,dendrite,292,292,1.132085908818,596,78,77,132.150986754,292,298,19425.726181896,19293.575195142,false,false,0.000000000000,789149.700000,263182.660000,210355.220000,65820.054739,5,0,fork,COMPUTATIONAL_SUBTREE_CANDIDATE_NOT_BIOLOGICAL_COMPARTMENT
613,720575940639209956,720575940632008007,772516,262754,203300,720575940632008007,post,dendrite,292,292,1.132085908818,596,74,72,544.952713525,292,298,18073.180526238,17528.227812713,false,false,0.000000000000,789149.700000,263182.660000,210355.220000,65820.054739,5,0,fork,COMPUTATIONAL_SUBTREE_CANDIDATE_NOT_BIOLOGICAL_COMPARTMENT
614,720575940639209956,720575940632008007,775176,257196,208160,720575940632008007,post,dendrite,292,292,1.132085908818,596,173,163,158.192093441,317,305,15073.446192686,14915.254099245,false,false,0.000000000000,789527.500000,254516.270000,211909.970000,79188.477654,0,0,unlabeled_neurite,COMPUTATIONAL_SUBTREE_CANDIDATE_NOT_BIOLOGICAL_COMPARTMENT
615,720575940639209956,720575940632008007,777942,254224,209440,720575940632008007,post,dendrite,292,292,1.132085908818,596,206,210,108.911864350,317,305,11849.471878687,11740.560014338,false,false,0.000000000000,789527.500000,254516.270000,211909.970000,79188.477654,0,0,unlabeled_neurite,COMPUTATIONAL_SUBTREE_CANDIDATE_NOT_BIOLOGICAL_COMPARTMENT
616,720575940639209956,720575940632008007,778614,261224,206640,720575940632008007,post,dendrite,292,292,1.132085908818,596,229,227,50.843078372,292,298,11341.965576301,11291.122497929,false,false,0.000000000000,789149.700000,263182.660000,210355.220000,65820.054739,5,0,fork,COMPUTATIONAL_SUBTREE_CANDIDATE_NOT_BIOLOGICAL_COMPARTMENT
617,720575940642570125,720575940625571465,709984,221728,210400,720575940625571465,post,dendrite,343,343,1.168327590832,492,76,88,235.373364855,76,88,235.373364855,0.000000000,true,true,0.015502986725,710133.602716,221775.704224,210575.339543,80067.565224,0,0,unlabeled_neurite,COMPUTATIONAL_SUBTREE_CANDIDATE_NOT_BIOLOGICAL_COMPARTMENT
618,720575940642570125,720575940625571465,710042,221774,210220,720575940625571465,post,dendrite,343,343,1.168327590832,492,76,88,332.396814317,76,88,332.396814317,0.000000000,true,true,0.291890071217,710253.098672,221764.013050,210476.564326,80223.040336,0,0,unlabeled_neurite,COMPUTATIONAL_SUBTREE_CANDIDATE_NOT_BIOLOGICAL_COMPARTMENT
619,720575940642570125,720575940625571465,710102,221540,210840,720575940625571465,post,dendrite,343,343,1.168327590832,492,51,76,307.680736846,51,76,307.680736846,0.000000000,true,true,0.616819040433,710063.544860,221825.181086,210731.094600,79888.662718,0,0,unlabeled_neurite,COMPUTATIONAL_SUBTREE_CANDIDATE_NOT_BIOLOGICAL_COMPARTMENT
620,720575940642570125,720575940625571465,710484,220250,210420,720575940625571465,post,dendrite,343,343,1.168327590832,492,152,150,36.773002137,152,150,36.773002137,0.000000000,true,true,0.976383261165,710468.811475,220218.114269,210430.240242,77844.670498,5,6,fork,COMPUTATIONAL_SUBTREE_CANDIDATE_NOT_BIOLOGICAL_COMPARTMENT
621,720575940642570125,720575940625571465,710600,221512,210180,720575940625571465,post,dendrite,343,343,1.168327590832,492,88,107,223.454227619,88,107,223.454227619,0.000000000,true,true,0.115126990065,710601.523479,221735.238900,210189.688354,80675.515916,0,0,unlabeled_neurite,COMPUTATIONAL_SUBTREE_CANDIDATE_NOT_BIOLOGICAL_COMPARTMENT
622,720575940642570125,720575940625571465,710620,220376,210620,720575940625571465,post,dendrite,343,343,1.168327590832,492,151,125,119.268097743,151,125,119.268097743,0.000000000,true,true,0.212475436612,710709.919675,220345.846980,210547.680386,77489.682389,0,6,terminal,COMPUTATIONAL_SUBTREE_CANDIDATE_NOT_BIOLOGICAL_COMPARTMENT
623,720575940642570125,720575940625571465,713700,220184,213000,720575940625571465,post,dendrite,343,343,1.168327590832,492,277,282,106.566525701,277,282,106.566525701,0.000000000,true,true,1.000000000000,713769.200000,220163.400000,213078.380000,74760.235564,0,6,terminal,COMPUTATIONAL_SUBTREE_CANDIDATE_NOT_BIOLOGICAL_COMPARTMENT
624,720575940643763656,720575940617782941,711160,220200,210720,720575940617782941,post,dendrite,323,323,1.292496110721,362,154,140,91.658064034,154,140,91.658064034,0.000000000,true,true,0.931991700539,711204.638229,220226.474789,210795.549419,64741.978385,0,6,terminal,COMPUTATIONAL_SUBTREE_CANDIDATE_NOT_BIOLOGICAL_COMPARTMENT
625,720575940643763656,720575940617782941,711172,218882,211160,720575940617782941,post,dendrite,323,323,1.292496110721,362,138,133,274.418417844,138,133,274.418417844,0.000000000,true,true,0.667853553228,711027.539853,218661.382618,211235.925652,61228.077846,0,5,fork,COMPUTATIONAL_SUBTREE_CANDIDATE_NOT_BIOLOGICAL_COMPARTMENT
626,720575940643763656,720575940617782941,711362,219254,211560,720575940617782941,post,dendrite,323,323,1.292496110721,362,126,119,435.682165460,126,119,435.682165460,0.000000000,true,true,0.000000000000,710940.100000,219175.030000,211634.720000,61920.464982,0,0,unlabeled_neurite,COMPUTATIONAL_SUBTREE_CANDIDATE_NOT_BIOLOGICAL_COMPARTMENT
627,720575940643763656,720575940617782941,711600,217250,211360,720575940617782941,post,dendrite,323,323,1.292496110721,362,167,142,111.394812774,167,142,111.394812774,0.000000000,true,true,0.745650361808,711683.613982,217273.866223,211429.626933,59406.516059,5,0,fork,COMPUTATIONAL_SUBTREE_CANDIDATE_NOT_BIOLOGICAL_COMPARTMENT
628,720575940643763656,720575940617782941,711676,217378,211280,720575940617782941,post,dendrite,323,323,1.292496110721,362,167,142,77.291000352,167,142,77.291000352,0.000000000,true,true,0.928270247324,711738.027403,217389.378780,211324.688068,59571.791999,5,0,fork,COMPUTATIONAL_SUBTREE_CANDIDATE_NOT_BIOLOGICAL_COMPARTMENT
629,720575940643763656,720575940617782941,711880,217978,211040,720575940617782941,post,dendrite,323,323,1.292496110721,362,145,151,313.989976166,145,151,313.989976166,0.000000000,true,true,0.204579942537,711628.308608,217936.514569,211223.084973,60173.000375,5,5,fork,COMPUTATIONAL_SUBTREE_CANDIDATE_NOT_BIOLOGICAL_COMPARTMENT
630,720575940643763656,720575940617782941,712342,219274,210520,720575940617782941,post,dendrite,323,323,1.292496110721,362,271,272,481.632069484,271,272,481.632069484,0.000000000,true,true,0.857979457952,712735.977317,219518.632843,210650.023444,62853.054990,0,5,fork,COMPUTATIONAL_SUBTREE_CANDIDATE_NOT_BIOLOGICAL_COMPARTMENT
631,720575940643763656,720575940617782941,712918,219716,212840,720575940617782941,post,dendrite,323,323,1.292496110721,362,175,214,134.845954623,175,214,134.845954623,0.000000000,true,true,0.121462605285,712849.204886,219830.984521,212824.859865,59911.152536,0,0,unlabeled_neurite,COMPUTATIONAL_SUBTREE_CANDIDATE_NOT_BIOLOGICAL_COMPARTMENT
632,720575940643763656,720575940617782941,713472,219732,213180,720575940617782941,post,dendrite,323,323,1.292496110721,362,175,214,562.919371749,175,214,562.919371749,0.000000000,true,true,0.909814578448,713240.353601,220059.803681,212785.331897,60366.034922,0,0,unlabeled_neurite,COMPUTATIONAL_SUBTREE_CANDIDATE_NOT_BIOLOGICAL_COMPARTMENT
633,720575940643763656,720575940617782941,713498,219802,212120,720575940617782941,post,dendrite,323,323,1.292496110721,362,289,295,367.625185820,289,295,367.625185820,0.000000000,true,true,0.194763396910,713801.203941,219970.525556,212241.716000,61255.349667,5,6,fork,COMPUTATIONAL_SUBTREE_CANDIDATE_NOT_BIOLOGICAL_COMPARTMENT
634,720575940643763656,720575940617782941,714466,219514,211120,720575940617782941,post,dendrite,323,323,1.292496110721,362,335,341,101.747633741,335,341,101.747633741,0.000000000,true,true,0.506190194607,714496.986051,219417.272433,211113.981410,61876.422274,5,6,fork,COMPUTATIONAL_SUBTREE_CANDIDATE_NOT_BIOLOGICAL_COMPARTMENT
635,720575940643763656,720575940625571465,710022,217020,211820,720575940625571465,post,dendrite,343,343,1.168327590832,492,73,74,90.836683284,73,74,90.836683284,0.000000000,true,true,0.557010828641,709991.039503,217086.362054,211766.252177,81587.245917,5,0,fork,COMPUTATIONAL_SUBTREE_CANDIDATE_NOT_BIOLOGICAL_COMPARTMENT
636,720575940643763656,720575940625571465,710516,217036,210820,720575940625571465,post,dendrite,343,343,1.168327590832,492,89,112,115.853963838,89,112,115.853963838,0.000000000,true,true,0.109344915567,710582.366429,216962.737662,210880.417446,82704.283182,0,0,unlabeled_neurite,COMPUTATIONAL_SUBTREE_CANDIDATE_NOT_BIOLOGICAL_COMPARTMENT
637,720575940643763656,720575940625571465,711688,219046,212120,720575940625571465,post,dendrite,343,343,1.168327590832,492,180,169,49.733570720,180,169,49.733570720,0.000000000,true,true,0.905453340119,711638.669746,219051.675944,212117.218311,86420.394685,0,6,terminal,COMPUTATIONAL_SUBTREE_CANDIDATE_NOT_BIOLOGICAL_COMPARTMENT
638,720575940643763656,720575940625571465,711778,218366,213240,720575940625571465,post,dendrite,343,343,1.168327590832,492,196,179,242.214373025,196,179,242.214373025,0.000000000,true,true,1.000000000000,711880.400000,218354.450000,213020.800000,85206.823389,0,0,unlabeled_neurite,COMPUTATIONAL_SUBTREE_CANDIDATE_NOT_BIOLOGICAL_COMPARTMENT
639,720575940643763656,720575940625571465,712950,217456,212780,720575940625571465,post,dendrite,343,343,1.168327590832,492,253,260,24.130365467,253,260,24.130365467,0.000000000,true,true,0.665003241833,712955.486642,217435.934317,212792.228642,83076.921113,0,0,unlabeled_neurite,COMPUTATIONAL_SUBTREE_CANDIDATE_NOT_BIOLOGICAL_COMPARTMENT
640,720575940643763656,720575940625571465,715054,217734,212180,720575940625571465,post,dendrite,343,343,1.168327590832,492,308,313,251.662978604,308,313,251.662978604,0.000000000,true,true,1.000000000000,715184.000000,217617.720000,212361.420000,76943.107269,0,0,unlabeled_neurite,COMPUTATIONAL_SUBTREE_CANDIDATE_NOT_BIOLOGICAL_COMPARTMENT
641,720575940650461561,720575940632008007,791410,264922,213280,720575940632008007,post,dendrite,292,292,1.132085908818,596,595,513,253.894152196,595,513,253.894152196,0.000000000,true,true,0.743527704345,791541.463295,264705.259066,213294.248159,73021.344533,0,0,unlabeled_neurite,COMPUTATIONAL_SUBTREE_CANDIDATE_NOT_BIOLOGICAL_COMPARTMENT
642,720575940650461561,720575940632008007,793462,264844,213820,720575940632008007,post,dendrite,292,292,1.132085908818,596,685,726,75.281679052,685,726,75.281679052,0.000000000,true,true,0.897766262145,793391.135635,264861.870004,213801.937998,74134.319928,5,6,fork,COMPUTATIONAL_SUBTREE_CANDIDATE_NOT_BIOLOGICAL_COMPARTMENT
643,720575940650461561,720575940632008007,793560,264932,214040,720575940632008007,post,dendrite,292,292,1.132085908818,596,685,726,291.499229058,685,726,291.499229058,0.000000000,true,true,0.987320661535,793367.015053,264818.290146,213853.455957,74205.979586,5,6,fork,COMPUTATIONAL_SUBTREE_CANDIDATE_NOT_BIOLOGICAL_COMPARTMENT
644,720575940650461561,720575940632008007,794054,263568,213320,720575940632008007,post,dendrite,292,292,1.132085908818,596,746,728,100.896616713,746,728,100.896616713,0.000000000,true,true,0.798525218090,793987.179687,263600.343145,213388.330769,76140.391883,0,6,terminal,COMPUTATIONAL_SUBTREE_CANDIDATE_NOT_BIOLOGICAL_COMPARTMENT
645,720575940650461561,720575940632008007,794064,265198,213280,720575940632008007,post,dendrite,292,292,1.132085908818,596,767,778,112.343612270,767,778,112.343612270,0.000000000,true,true,0.876788169832,793983.165440,265268.446247,213313.528906,75257.141900,0,6,terminal,COMPUTATIONAL_SUBTREE_CANDIDATE_NOT_BIOLOGICAL_COMPARTMENT
646,720575940650461561,720575940632008007,794142,263324,212640,720575940632008007,post,dendrite,292,292,1.132085908818,596,756,747,209.617324182,756,747,209.617324182,0.000000000,true,true,0.336110062794,793957.378986,263421.146721,212660.421027,75442.389299,5,0,fork,COMPUTATIONAL_SUBTREE_CANDIDATE_NOT_BIOLOGICAL_COMPARTMENT
647,720575940650461561,720575940632008007,794192,264128,212660,720575940632008007,post,dendrite,292,292,1.132085908818,596,747,762,60.976107616,747,762,60.976107616,0.000000000,true,true,1.000000000000,794211.060000,264103.300000,212607.610000,76213.645655,0,6,terminal,COMPUTATIONAL_SUBTREE_CANDIDATE_NOT_BIOLOGICAL_COMPARTMENT
648,720575940650461561,720575940632008007,794650,265984,213340,720575940632008007,post,dendrite,292,292,1.132085908818,596,685,725,375.680709779,685,725,375.680709779,0.000000000,true,true,1.000000000000,794326.940000,265884.000000,213176.390000,74330.305123,5,0,fork,COMPUTATIONAL_SUBTREE_CANDIDATE_NOT_BIOLOGICAL_COMPARTMENT
649,720575940650461561,720575940632008007,794672,267032,214460,720575940632008007,post,dendrite,292,292,1.132085908818,596,805,783,213.327868963,805,783,213.327868963,0.000000000,true,true,0.060416268251,794511.189265,267167.349548,214423.541984,77556.735456,0,6,terminal,COMPUTATIONAL_SUBTREE_CANDIDATE_NOT_BIOLOGICAL_COMPARTMENT
